time,x,xdot,theta_rad,theta_deg,thetadot,torque
0.0,-4.666241511586122e-05,-0.023331208154559135,0.0004150499007664621,0.02378060668706894,0.20752495527267456,-3.593120813369751
0.002,-0.00024292423040606081,-0.09813090413808823,0.0018571884138509631,0.10640905052423477,0.7210692763328552,-3.494525194168091
0.004,-0.0005863647093065083,-0.1717202514410019,0.004312700591981411,0.24709953367710114,1.227756142616272,-3.529348134994507
0.006,-0.0010674579534679651,-0.2405465990304947,0.007717782631516457,0.4421963393688202,1.7025409936904907,-3.3851888179779053
0.008,-0.0016802008030936122,-0.30637142062187195,0.012032931670546532,0.689436137676239,2.1575746536254883,-3.316746950149536
0.01,-0.002414097310975194,-0.3669482469558716,0.01718716509640217,0.9847519397735596,2.5771167278289795,-3.1346704959869385
0.012,-0.003246175590902567,-0.4160391688346863,0.023022644221782684,1.319100260734558,2.9177393913269043,-2.6493337154388428
0.014,-0.004122191574424505,-0.4380079507827759,0.029163582250475883,1.6709500551223755,3.070469379425049,-1.4042487144470215
0.016,-0.004994351416826248,-0.43608003854751587,0.03527918457984924,2.021348237991333,3.05780029296875,-0.28378620743751526
0.018000000000000002,-0.005838746204972267,-0.4221973419189453,0.04120495542883873,2.360869884490967,2.9628853797912598,0.29410940408706665
0.02,-0.006640757899731398,-0.40100589394569397,0.04684093967080116,2.6837880611419678,2.8179924488067627,0.6643824577331543
0.022,-0.007400853093713522,-0.38004744052886963,0.05219200626015663,2.9903814792633057,2.675534248352051,0.6839057803153992
0.024,-0.00812368094921112,-0.36141395568847656,0.05729193240404129,3.282585859298706,2.5499629974365234,0.6031410694122314
0.026000000000000002,-0.008810537867248058,-0.3434285819530487,0.062150921672582626,3.5609853267669678,2.4294939041137695,0.5989255309104919
0.028,-0.009463242255151272,-0.32635214924812317,0.06678269058465958,3.8263661861419678,2.3158836364746094,0.5814482569694519
0.03,-0.010089031420648098,-0.3128945529460907,0.07123861461877823,4.081671714782715,2.2279629707336426,0.4336785674095154
0.032,-0.010689356364309788,-0.30016234517097473,0.07552970945835114,4.32753324508667,2.145547389984131,0.41968926787376404
0.034,-0.011263924650847912,-0.28728407621383667,0.07965477555990219,4.563882350921631,2.0625345706939697,0.4463915228843689
0.036000000000000004,-0.011810709722340107,-0.27339276671409607,0.0836004838347435,4.789954662322998,1.972853422164917,0.5145903825759888
0.038,-0.012329562567174435,-0.2594265639781952,0.0873664990067482,5.005731582641602,1.8830060958862305,0.5389683842658997
0.04,-0.01282078493386507,-0.24561117589473724,0.09095557779073715,5.211370468139648,1.7945382595062256,0.5524311661720276
0.042,-0.013283715583384037,-0.23146496713161469,0.09436371922492981,5.406642436981201,1.7040711641311646,0.5885611772537231
0.044,-0.013716120272874832,-0.21620266139507294,0.09757594019174576,5.590689182281494,1.606111764907837,0.6624801158905029
0.046,-0.014117705635726452,-0.20079252123832703,0.10059069842100143,5.763422012329102,1.5073795318603516,0.6909846067428589
0.048,-0.014493316411972046,-0.18780550360679626,0.10344221442937851,5.926802158355713,1.425759196281433,0.5959042906761169
0.05,-0.014843286946415901,-0.17498508095741272,0.10613325983285904,6.080987453460693,1.3455222845077515,0.6060599684715271
0.052000000000000005,-0.015167820267379284,-0.16226650774478912,0.10866566747426987,6.226083755493164,1.2662014961242676,0.6188618540763855
0.054,-0.015467391349375248,-0.1497855931520462,0.11104311794042587,6.362301826477051,1.1887270212173462,0.6247341632843018
0.056,-0.015742862597107887,-0.137735977768898,0.11327198892831802,6.490006446838379,1.1144330501556396,0.6207255721092224
0.058,-0.015995053574442863,-0.12609556317329407,0.11535829305648804,6.6095428466796875,1.0431522130966187,0.6170013546943665
0.06,-0.01622425764799118,-0.1146015077829361,0.11730437725782394,6.72104549407959,0.9730417728424072,0.6252047419548035
0.062,-0.016431083902716637,-0.10341323167085648,0.11911477148532867,6.82477331161499,0.9051995873451233,0.625290036201477
0.064,-0.0166152473539114,-0.09208206832408905,0.12078775465488434,6.920628070831299,0.8364895582199097,0.6464205980300903
0.066,-0.016777921468019485,-0.08133645355701447,0.12233170121908188,7.009089946746826,0.771973192691803,0.6322881579399109
0.068,-0.01691935956478119,-0.07071966677904129,0.12374861538410187,7.090272903442383,0.7084594964981079,0.6392923593521118
0.07,-0.017039397731423378,-0.06001892685890198,0.1250375360250473,7.164122581481934,0.6444563865661621,0.6561965942382812
0.07200000000000001,-0.017137892544269562,-0.049247026443481445,0.12619762122631073,7.2305908203125,0.5800426602363586,0.6723418235778809
0.074,-0.017215359956026077,-0.038734037429094315,0.127232626080513,7.289892196655273,0.5175071358680725,0.672356367111206
0.076,-0.01727280020713806,-0.028719834983348846,0.12814965844154358,7.342434406280518,0.4585108458995819,0.6602222919464111
0.078,-0.017311621457338333,-0.019410619512200356,0.12895861268043518,7.388783931732178,0.4044807553291321,0.6373070478439331
0.08,-0.017334114760160446,-0.01124679297208786,0.12967556715011597,7.4298624992370605,0.3584755063056946,0.5920573472976685
0.082,-0.017342548817396164,-0.004217076115310192,0.1303163766860962,7.466578006744385,0.3204091489315033,0.5458845496177673
0.084,-0.01733851060271263,0.0020192633382976055,0.13089218735694885,7.499569416046143,0.2879023253917694,0.5148096680641174
0.08600000000000001,-0.01732313632965088,0.007686451077461243,0.13141095638275146,7.529292583465576,0.2593880593776703,0.4936133325099945
0.088,-0.017297357320785522,0.012889486737549305,0.13187922537326813,7.556122779846191,0.23413051664829254,0.4767964482307434
0.09,-0.01726195029914379,0.017703479155898094,0.1323024332523346,7.5803704261779785,0.21160267293453217,0.46304598450660706
0.092,-0.01721758395433426,0.022183435037732124,0.13268525898456573,7.602304935455322,0.19141805171966553,0.45148521661758423
0.094,-0.017164841294288635,0.026371706277132034,0.13303183019161224,7.622161865234375,0.1732787936925888,0.4415726959705353
0.096,-0.017104236409068108,0.0303021389991045,0.13334572315216064,7.640146732330322,0.15694674849510193,0.43295156955718994
0.098,-0.017036231234669685,0.0340026319026947,0.13363017141819,7.656444549560547,0.1422255039215088,0.4253782629966736
0.1,-0.01696123741567135,0.037496984004974365,0.13388806581497192,7.671220779418945,0.12894754111766815,0.41869056224823
0.10200000000000001,-0.016879625618457794,0.040805865079164505,0.13412199914455414,7.684624195098877,0.11696749925613403,0.41276729106903076
0.10400000000000001,-0.016791731119155884,0.043947480618953705,0.13433431088924408,7.696788787841797,0.10615726560354233,0.40751662850379944
0.106,-0.016698239371180534,0.046745359897613525,0.13452979922294617,7.70798921585083,0.09774487465620041,0.3935161232948303
0.108,-0.016599759459495544,0.04923984780907631,0.13471269607543945,7.71846866607666,0.09144844114780426,0.381095290184021
0.11,-0.016496609896421432,0.0515754409134388,0.13488522171974182,7.728353500366211,0.08626126497983932,0.3753604292869568
0.112,-0.01638897694647312,0.0538160614669323,0.13504870235919952,7.737720012664795,0.08173802495002747,0.37256819009780884
0.114,-0.016276996582746506,0.05599074438214302,0.13520404696464539,7.7466206550598145,0.07767654955387115,0.3710975646972656
0.116,-0.016160765662789345,0.05811552330851555,0.1353519856929779,7.755096912384033,0.07396532595157623,0.3703494668006897
0.11800000000000001,-0.016040366142988205,0.06019885092973709,0.13549306988716125,7.763180732727051,0.07054564356803894,0.36997300386428833
0.12,-0.015915876254439354,0.06224558502435684,0.1356278359889984,7.770902156829834,0.06738388538360596,0.36980175971984863
0.122,-0.015787392854690552,0.06424127519130707,0.13575699925422668,7.7783026695251465,0.06458094716072083,0.36890220642089844
0.124,-0.015654996037483215,0.06619854271411896,0.13588109612464905,7.785412788391113,0.06204914674162865,0.3685719966888428
0.126,-0.01551874540746212,0.06812548637390137,0.13600055873394012,7.792257785797119,0.05973238870501518,0.3686043620109558
0.128,-0.01537869218736887,0.07002662122249603,0.13611575961112976,7.798858165740967,0.057599399238824844,0.36883440613746643
0.13,-0.01523488201200962,0.07190478593111038,0.13622702658176422,7.805233478546143,0.055630698800086975,0.36918389797210693
0.132,-0.01508735865354538,0.07376205176115036,0.1363346427679062,7.811398983001709,0.05381207540631294,0.3696182072162628
0.134,-0.014936158433556557,0.07560009509325027,0.13643892109394073,7.817373752593994,0.05213219299912453,0.370118647813797
0.136,-0.014781317673623562,0.07742041349411011,0.13654007017612457,7.823169231414795,0.050580691546201706,0.3706791400909424
0.138,-0.014622868970036507,0.07922431081533432,0.13663837313652039,7.82880163192749,0.04914874956011772,0.3712898790836334
0.14,-0.014460843056440353,0.081013023853302,0.1367340236902237,7.834281921386719,0.047827985137701035,0.3719483017921448
0.14200000000000002,-0.014295266941189766,0.0827876627445221,0.1368272453546524,7.83962345123291,0.04661073535680771,0.3726499676704407
0.14400000000000002,-0.014126168563961983,0.08454927057027817,0.13691823184490204,7.844836235046387,0.04548992961645126,0.373391330242157
0.146,-0.01395357120782137,0.0862988531589508,0.13700714707374573,7.849930763244629,0.044458724558353424,0.3741711676120758
0.148,-0.013777496293187141,0.08803723007440567,0.1370941698551178,7.854917049407959,0.04351145774126053,0.3749818205833435
0.15,-0.01359796617180109,0.08976532518863678,0.1371794492006302,7.859803199768066,0.04264184832572937,0.3758278489112854
0.152,-0.013415001332759857,0.09148254990577698,0.13726316392421722,7.864599704742432,0.041854068636894226,0.37663692235946655
0.154,-0.013228620402514935,0.09319038689136505,0.13734543323516846,7.8693132400512695,0.04113789647817612,0.3775082528591156
0.156,-0.013038840144872665,0.0948898196220398,0.13742640614509583,7.873952865600586,0.04048645868897438,0.37841975688934326
0.158,-0.012845677323639393,0.09658164530992508,0.13750620186328888,7.8785247802734375,0.03989441692829132,0.37936145067214966
0.16,-0.012649144046008587,0.09826656430959702,0.13758490979671478,7.8830342292785645,0.039356790482997894,0.38033127784729004
0.162,-0.012449254281818867,0.09994509071111679,0.13766264915466309,7.88748836517334,0.038870103657245636,0.3813192844390869
0.164,-0.012246018275618553,0.10161776840686798,0.13773950934410095,7.891891956329346,0.03843063488602638,0.3823274075984955
0.166,-0.012039448134601116,0.10328500717878342,0.13781557977199554,7.8962507247924805,0.03803548589348793,0.3833502233028412
0.168,-0.011829554103314877,0.10494735836982727,0.13789094984531403,7.900568962097168,0.03768084943294525,0.3843943476676941
0.17,-0.011616343632340431,0.1066051796078682,0.13796567916870117,7.904850482940674,0.03736426308751106,0.38545072078704834
0.17200000000000001,-0.011399825103580952,0.10825885832309723,0.13803984224796295,7.90910005569458,0.03708305209875107,0.3865210711956024
0.17400000000000002,-0.011180007830262184,0.10990872234106064,0.13811351358890533,7.913321018218994,0.03683489188551903,0.38760319352149963
0.176,-0.010956897400319576,0.11155513674020767,0.1381867527961731,7.917517185211182,0.03661727532744408,0.38869863748550415
0.178,-0.010730501264333725,0.11319833993911743,0.13825960457324982,7.921691417694092,0.0364285409450531,0.3898017406463623
0.18,-0.010500824078917503,0.11483865231275558,0.13833214342594147,7.92584753036499,0.036266423761844635,0.3909168243408203
0.182,-0.010267871432006359,0.11647633463144302,0.13840439915657043,7.92998743057251,0.03612907975912094,0.39204132556915283
0.184,-0.010031647980213165,0.11811161041259766,0.1384764313697815,7.934114456176758,0.03601500391960144,0.3931730389595032
0.186,-0.009792158380150795,0.11974475532770157,0.13854826986789703,7.938230514526367,0.03592224046587944,0.394315242767334
0.188,-0.009549406357109547,0.1213759109377861,0.13861997425556183,7.942338943481445,0.03584977239370346,0.3954617381095886
0.19,-0.009303395636379719,0.12300532311201096,0.13869155943393707,7.946440696716309,0.035795893520116806,0.3966173827648163
0.192,-0.00905412994325161,0.12463314086198807,0.13876308500766754,7.950538635253906,0.035759542137384415,0.3977780044078827
0.194,-0.008801610209047794,0.12625958025455475,0.13883455097675323,7.9546332359313965,0.03573913499712944,0.39894726872444153
0.196,-0.008545841090381145,0.12788468599319458,0.13890603184700012,7.958728790283203,0.03573448583483696,0.40011581778526306
0.198,-0.008286823518574238,0.12950876355171204,0.138977512717247,7.96282434463501,0.03574336692690849,0.40129777789115906
0.2,-0.008024560287594795,0.1311318427324295,0.13904903829097748,7.966922760009766,0.03576555475592613,0.4024796187877655
0.202,-0.007759051863104105,0.13275405764579773,0.13912063837051392,7.971024990081787,0.035800181329250336,0.4036658704280853
0.20400000000000001,-0.007490300573408604,0.13437551259994507,0.1391923427581787,7.975133419036865,0.03584630414843559,0.4048571288585663
0.20600000000000002,-0.007218307815492153,0.13599638640880585,0.13926413655281067,7.979246616363525,0.03590291365981102,0.40605413913726807
0.20800000000000002,-0.006943074520677328,0.13761669397354126,0.13933607935905457,7.983368873596191,0.035969823598861694,0.407251238822937
0.21,-0.006664601620286703,0.13923661410808563,0.1394081711769104,7.987499237060547,0.03604569286108017,0.40845662355422974
0.212,-0.006382889114320278,0.14085616171360016,0.13948044180870056,7.991640090942383,0.03613046184182167,0.40966150164604187
0.214,-0.006097937934100628,0.14247547090053558,0.13955287635326385,7.995790481567383,0.03622327744960785,0.41087156534194946
0.216,-0.005809749010950327,0.1440945416688919,0.13962553441524506,7.999953269958496,0.03632407635450363,0.4120813310146332
0.218,-0.005518321879208088,0.14571356773376465,0.13969838619232178,8.004127502441406,0.03643142431974411,0.4133005142211914
0.22,-0.005223657004535198,0.14733248949050903,0.1397714912891388,8.008316040039062,0.03654578700661659,0.4145160913467407
0.222,-0.0049257539212703705,0.148951455950737,0.13984481990337372,8.012517929077148,0.03666619956493378,0.41573798656463623
0.224,-0.004624613095074892,0.15057051181793213,0.13991840183734894,8.016733169555664,0.03679225221276283,0.41696253418922424
0.226,-0.004320233594626188,0.1521896868944168,0.13999225199222565,8.020964622497559,0.03692379593849182,0.4181879758834839
0.228,-0.004012615419924259,0.15380902588367462,0.14006637036800385,8.025211334228516,0.03706044703722,0.4194160997867584
0.23,-0.003701758338138461,0.15542858839035034,0.14014077186584473,8.029474258422852,0.037202004343271255,0.4206455945968628
0.232,-0.003387661650776863,0.15704843401908875,0.14021547138690948,8.033754348754883,0.03734777122735977,0.4218801259994507
0.234,-0.0030703244265168905,0.1586686074733734,0.14029046893119812,8.03805160522461,0.03749770298600197,0.42311516404151917
0.23600000000000002,-0.002749746199697256,0.16028912365436554,0.14036576449871063,8.042365074157715,0.037651583552360535,0.4243520498275757
0.23800000000000002,-0.002425926038995385,0.1619100123643875,0.1404413878917694,8.046698570251465,0.03780920431017876,0.42559072375297546
0.24,-0.0020988634787499905,0.1635313332080841,0.14051732420921326,8.05104923248291,0.037970170378685,0.4268325865268707
0.242,-0.0017685572383925319,0.1651531159877777,0.14059358835220337,8.055418968200684,0.038134388625621796,0.4280756413936615
0.244,-0.0014350063866004348,0.16677537560462952,0.14067019522190094,8.059807777404785,0.03830155357718468,0.42932137846946716
0.246,-0.0010982101084664464,0.1683981716632843,0.14074714481830597,8.064216613769531,0.038471486419439316,0.43056899309158325
0.248,-0.0007581670070067048,0.17002151906490326,0.14082442224025726,8.068644523620605,0.03864398971199989,0.43181872367858887
0.25,-0.000414922134950757,0.17162244021892548,0.14090238511562347,8.073111534118652,0.03897922486066818,0.43195033073425293
0.252,-6.849018973298371e-05,0.17321597039699554,0.14098113775253296,8.07762336730957,0.039372265338897705,0.4327905476093292
0.254,0.0002811267622746527,0.17480848729610443,0.1410606950521469,8.082181930541992,0.03977900370955467,0.43393194675445557
0.256,0.0006339311366900802,0.17640219628810883,0.14114105701446533,8.086786270141602,0.040183912962675095,0.43518227338790894
0.258,0.0009899269789457321,0.1779979169368744,0.14122222363948822,8.091437339782715,0.04058147221803665,0.436474084854126
0.26,0.0013491188874468207,0.179595947265625,0.1413041651248932,8.096132278442383,0.04096963256597519,0.4377838969230652
0.262,0.0017115114023908973,0.18119628727436066,0.14138685166835785,8.100869178771973,0.041348423808813095,0.4390975832939148
0.264,0.002077109180390835,0.18279887735843658,0.1414702981710434,8.105650901794434,0.04171834886074066,0.44041168689727783
0.266,0.0024459166452288628,0.18440374732017517,0.14155445992946625,8.110472679138184,0.04207932576537132,0.4417301416397095
0.268,0.0028179383371025324,0.18601079285144806,0.1416393220424652,8.115334510803223,0.0424320362508297,0.4430476427078247
0.27,0.003193177981302142,0.18761983513832092,0.1417248696088791,8.12023639678955,0.04277791455388069,0.4443587064743042
0.272,0.003571639768779278,0.18923093378543854,0.14181110262870789,8.125177383422852,0.043116431683301926,0.4456768035888672
0.274,0.003953327890485525,0.19084401428699493,0.1418980062007904,8.130156517028809,0.043448276817798615,0.44699347019195557
0.276,0.004338245838880539,0.19245903193950653,0.14198555052280426,8.135171890258789,0.0437738262116909,0.4483107328414917
0.278,0.004726397804915905,0.19407586753368378,0.14207373559474945,8.140225410461426,0.044093869626522064,0.4496256113052368
0.28,0.005117786582559347,0.19569453597068787,0.14216256141662598,8.14531421661377,0.044408444315195084,0.4509432315826416
0.28200000000000003,0.0055124168284237385,0.1973150074481964,0.14225198328495026,8.150437355041504,0.04471766576170921,0.4522629976272583
0.28400000000000003,0.0059102908708155155,0.19893711805343628,0.14234203100204468,8.155596733093262,0.04502294957637787,0.4535757899284363
0.28600000000000003,0.006311412900686264,0.20056094229221344,0.14243268966674805,8.160791397094727,0.04532373324036598,0.45489516854286194
0.28800000000000003,0.006715785712003708,0.2021864801645279,0.14252392947673798,8.166019439697266,0.045619916170835495,0.45621800422668457
0.29,0.0071234130300581455,0.20381362736225128,0.14261575043201447,8.171279907226562,0.04591250419616699,0.45753657817840576
0.292,0.007534297648817301,0.20544230937957764,0.14270815253257751,8.17657470703125,0.04620196297764778,0.45885440707206726
0.294,0.007948443293571472,0.20707257091999054,0.14280112087726593,8.181900978088379,0.04648800566792488,0.4601767957210541
0.296,0.008365851826965809,0.20870435237884521,0.1428946703672409,8.187260627746582,0.04677112028002739,0.4614982306957245
0.298,0.008786526508629322,0.21033769845962524,0.14298877120018005,8.192652702331543,0.04705102741718292,0.46282410621643066
0.3,0.009210471995174885,0.21197248995304108,0.14308342337608337,8.198076248168945,0.04732850566506386,0.4641469717025757
0.302,0.009637689217925072,0.2136087715625763,0.14317864179611206,8.203531265258789,0.0476035438477993,0.4654723107814789
0.304,0.010068182833492756,0.2152465283870697,0.14327438175678253,8.209016799926758,0.04787604883313179,0.4668005704879761
0.306,0.010501953773200512,0.21688567101955414,0.14337068796157837,8.214534759521484,0.04814675450325012,0.468126118183136
0.308,0.010939006693661213,0.21852628886699677,0.143467515707016,8.22008228302002,0.0484151728451252,0.4694572389125824
0.31,0.01137933786958456,0.22016550600528717,0.14356490969657898,8.225663185119629,0.04870123416185379,0.4706513583660126
0.312,0.011822947300970554,0.22180499136447906,0.14366289973258972,8.231277465820312,0.04899349436163902,0.4719246029853821
0.314,0.012269838713109493,0.22344565391540527,0.14376147091388702,8.23692512512207,0.04928560182452202,0.4732433557510376
0.316,0.012720013968646526,0.2250877469778061,0.1438606232404709,8.242606163024902,0.04957582801580429,0.4745763838291168
0.318,0.013173476792871952,0.22673138976097107,0.1439603567123413,8.248320579528809,0.04986337572336197,0.4759173095226288
0.32,0.013630267232656479,0.22839505970478058,0.1440603882074356,8.25405216217041,0.05001956224441528,0.4781609773635864
0.322,0.014090404845774174,0.23006875813007355,0.14416061341762543,8.259794235229492,0.05011424422264099,0.4799388349056244
0.324,0.014553895220160484,0.23174548149108887,0.14426101744174957,8.265546798706055,0.05019606649875641,0.4813874363899231
0.326,0.015020742081105709,0.23342324793338776,0.14436157047748566,8.271307945251465,0.0502789244055748,0.4827417731285095
0.328,0.015490944497287273,0.23510125279426575,0.14446230232715607,8.277079582214355,0.05036844685673714,0.4840574860572815
0.33,0.015964502468705177,0.2367793172597885,0.1445632427930832,8.28286361694336,0.050465893000364304,0.48536422848701477
0.332,0.01644141785800457,0.23845745623111725,0.14466437697410583,8.288658142089844,0.05057104676961899,0.48667222261428833
0.334,0.016921689733862877,0.24013571441173553,0.14476574957370758,8.294466018676758,0.05068378522992134,0.4879809617996216
0.336,0.01740531623363495,0.24181300401687622,0.14486737549304962,8.300289154052734,0.05081159994006157,0.4892371594905853
0.338,0.01789226569235325,0.24347461760044098,0.14496947824954987,8.30613899230957,0.051056891679763794,0.4897755980491638
0.34,0.018382463604211807,0.24509918689727783,0.14507262408733368,8.31204891204834,0.05156858265399933,0.48925456404685974
0.342,0.018875883892178535,0.24671028554439545,0.1451769918203354,8.318028450012207,0.05218253284692764,0.4898420572280884
0.34400000000000003,0.019372520968317986,0.24831831455230713,0.14528264105319977,8.324081420898438,0.05282621830701828,0.49092456698417664
0.34600000000000003,0.019872376695275307,0.24992792308330536,0.14538957178592682,8.330208778381348,0.05346748232841492,0.49223169684410095
0.34800000000000003,0.020375458523631096,0.2515410780906677,0.14549775421619415,8.336406707763672,0.05409287288784981,0.49363774061203003
0.35000000000000003,0.0208817757666111,0.25315842032432556,0.14560715854167938,8.34267520904541,0.05469760671257973,0.49508416652679443
0.352,0.021391335874795914,0.25478029251098633,0.14571771025657654,8.34900951385498,0.055279865860939026,0.4965507686138153
0.354,0.021904148161411285,0.2564065754413605,0.14582939445972443,8.355408668518066,0.055840302258729935,0.4980204105377197
0.356,0.02242022380232811,0.2580372393131256,0.14594215154647827,8.361868858337402,0.056379497051239014,0.4994933605194092
0.358,0.022939566522836685,0.25967198610305786,0.14605595171451569,8.368389129638672,0.056899309158325195,0.5009603500366211
0.36,0.023462189361453056,0.26131072640419006,0.1461707502603531,8.374966621398926,0.057400599122047424,0.5024279952049255
0.362,0.02398809604346752,0.2629532814025879,0.1462865173816681,8.381599426269531,0.0578848198056221,0.5038918256759644
0.364,0.024517294019460678,0.26459941267967224,0.1464032232761383,8.388286590576172,0.05835333839058876,0.5053521394729614
0.366,0.025049792602658272,0.2662490904331207,0.14652083814144135,8.395025253295898,0.058806899935007095,0.5068129301071167
0.368,0.02558559738099575,0.26790210604667664,0.14663933217525482,8.401814460754395,0.059246934950351715,0.508269190788269
0.37,0.02612471394240856,0.2695583403110504,0.14675869047641754,8.408653259277344,0.059674255549907684,0.5097249746322632
0.372,0.026667147874832153,0.2712176740169525,0.14687886834144592,8.415538787841797,0.06008964776992798,0.5111802220344543
0.374,0.02721290849149227,0.27288001775741577,0.14699985086917877,8.422471046447754,0.06049419939517975,0.5126326084136963
0.376,0.027761999517679214,0.27454516291618347,0.1471216380596161,8.429448127746582,0.06088890880346298,0.5140825510025024
0.378,0.02831442467868328,0.2762131094932556,0.1472441852092743,8.436470031738281,0.061274249106645584,0.5155335068702698
0.38,0.028870193287730217,0.27788376808166504,0.1473674774169922,8.443533897399902,0.06165082007646561,0.5169844627380371
0.382,0.029429307207465172,0.2795569896697998,0.14749151468276978,8.450640678405762,0.062019575387239456,0.5184327960014343
0.384,0.029991772025823593,0.28123271465301514,0.14761628210544586,8.457789421081543,0.062381256371736526,0.5198798179626465
0.386,0.03055759333074093,0.28291091322898865,0.14774174988269806,8.464978218078613,0.06273573637008667,0.5213314294815063
0.388,0.031126776710152626,0.28459152579307556,0.14786791801452637,8.472207069396973,0.06308389455080032,0.5227805376052856
0.39,0.031699325889348984,0.28627443313598633,0.1479947715997696,8.479475021362305,0.06342639774084091,0.524228572845459
0.392,0.0322752445936203,0.28795963525772095,0.14812229573726654,8.48678207397461,0.06376352161169052,0.5256780982017517
0.394,0.032854530960321426,0.2896430492401123,0.148250550031662,8.49413013458252,0.06412333995103836,0.5269341468811035
0.396,0.033437181264162064,0.2913253605365753,0.14837954938411713,8.501521110534668,0.06450150907039642,0.5282195210456848
0.398,0.03402319923043251,0.29300856590270996,0.14850932359695435,8.508956909179688,0.0648840144276619,0.5296028256416321
0.4,0.03461258485913277,0.2946937084197998,0.14863984286785126,8.516435623168945,0.0652637854218483,0.5310376882553101
0.402,0.03520534932613373,0.2963810861110687,0.14877112209796906,8.523957252502441,0.06563857942819595,0.5324915647506714
0.404,0.035801488906145096,0.2980709373950958,0.14890314638614655,8.531521797180176,0.0660070851445198,0.5339580774307251
0.406,0.036401018500328064,0.2997632622718811,0.14903587102890015,8.5391263961792,0.06636905670166016,0.5354301333427429
0.40800000000000003,0.037003934383392334,0.30145806074142456,0.14916932582855225,8.546772003173828,0.0667247325181961,0.5369042754173279
0.41000000000000003,0.0376102440059185,0.3031550347805023,0.14930348098278046,8.554458618164062,0.06707630306482315,0.5383667349815369
0.41200000000000003,0.03821995109319687,0.3048529028892517,0.14943835139274597,8.562186241149902,0.06743254512548447,0.5397709608078003
0.41400000000000003,0.03883305564522743,0.306552529335022,0.1495739221572876,8.569953918457031,0.06778780370950699,0.5412166714668274
0.41600000000000004,0.03944956138730049,0.3082541823387146,0.14971019327640533,8.57776165008545,0.06814000010490417,0.5426799058914185
0.418,0.04006947949528694,0.30995815992355347,0.14984717965126038,8.585610389709473,0.0684872567653656,0.5441593527793884
0.42,0.040692806243896484,0.3116644322872162,0.14998483657836914,8.593497276306152,0.06882958114147186,0.5456422567367554
0.422,0.041319552809000015,0.31337296962738037,0.15012316405773163,8.601423263549805,0.06916751712560654,0.5471247434616089
0.424,0.04194972291588783,0.315083771944046,0.15026217699050903,8.60938835144043,0.0695011094212532,0.5486103296279907
0.426,0.042583316564559937,0.3167968690395355,0.15040183067321777,8.617389678955078,0.06983023881912231,0.5500999689102173
0.428,0.043220341205596924,0.31851208209991455,0.15054214000701904,8.625429153442383,0.07015597820281982,0.5515854358673096
0.43,0.043860796838998795,0.3202294707298279,0.15068310499191284,8.633505821228027,0.07047812640666962,0.55307537317276
0.432,0.044504694640636444,0.3219490349292755,0.15082469582557678,8.641617774963379,0.07079663127660751,0.554568886756897
0.434,0.04515203833580017,0.3236706852912903,0.15096691250801086,8.64976692199707,0.07111233472824097,0.5560595393180847
0.436,0.045802827924489975,0.3253943920135498,0.15110976994037628,8.657951354980469,0.07142538577318192,0.5575522184371948
0.438,0.046457067131996155,0.32712018489837646,0.15125323832035065,8.66617202758789,0.07173571735620499,0.5590482354164124
0.44,0.04711476340889931,0.3288479447364807,0.15139733254909515,8.67442798614502,0.07204406708478928,0.560542106628418
0.442,0.04777591675519943,0.3305777609348297,0.15154202282428741,8.682718276977539,0.0723498985171318,0.5620425939559937
0.444,0.048440538346767426,0.3323095142841339,0.15168733894824982,8.691043853759766,0.07265414297580719,0.5635393857955933
0.446,0.04910862445831299,0.3340432643890381,0.15183325111865997,8.699403762817383,0.07295643538236618,0.5650415420532227
0.448,0.04978018254041672,0.33577898144721985,0.15197975933551788,8.70779800415039,0.07325701415538788,0.5665448307991028
0.45,0.05045521631836891,0.3375166058540344,0.15212687849998474,8.716227531433105,0.07355637103319168,0.5680475234985352
0.452,0.05113372579216957,0.33925503492355347,0.15227459371089935,8.724691390991211,0.07386227697134018,0.5694983005523682
0.454,0.0518157035112381,0.34098881483078003,0.15242302417755127,8.733195304870605,0.07421253621578217,0.5706851482391357
0.456,0.052501145750284195,0.3427218794822693,0.15257218480110168,8.741742134094238,0.07458017021417618,0.5720568299293518
0.458,0.05319005995988846,0.3444559872150421,0.1527220904827118,8.750330924987793,0.07495248317718506,0.5735177993774414
0.46,0.05388244241476059,0.34619206190109253,0.1528727412223816,8.758962631225586,0.07532358914613724,0.5750222206115723
0.462,0.054578304290771484,0.3479304313659668,0.1530241221189499,8.7676362991333,0.07569105178117752,0.5765469074249268
0.464,0.05527764558792114,0.34967130422592163,0.1531762331724167,8.776350975036621,0.07605358213186264,0.5780842900276184
0.466,0.05598047375679016,0.35141468048095703,0.1533290445804596,8.785106658935547,0.07641104608774185,0.5796263217926025
0.468,0.05668679624795914,0.3531605303287506,0.1534825712442398,8.793903350830078,0.07676384598016739,0.5811692476272583
0.47000000000000003,0.05739661306142807,0.35490891337394714,0.15363679826259613,8.802740097045898,0.07711154222488403,0.5827189683914185
0.47200000000000003,0.058109935373067856,0.35665974020957947,0.15379171073436737,8.811614990234375,0.07745478302240372,0.5842677354812622
0.47400000000000003,0.0588267557322979,0.35841161012649536,0.15394732356071472,8.820531845092773,0.07780376076698303,0.5857484936714172
0.47600000000000003,0.05954708158969879,0.36016273498535156,0.15410365164279938,8.829488754272461,0.07817060500383377,0.5871459245681763
0.47800000000000004,0.06027091294527054,0.36191481351852417,0.15426073968410492,8.838488578796387,0.07854347676038742,0.5886265635490417
0.48,0.06099824979901314,0.36366891860961914,0.15441857278347015,8.847532272338867,0.07891522347927094,0.5901594161987305
0.482,0.06172909960150719,0.36542537808418274,0.1545771360397339,8.856616973876953,0.07928363233804703,0.5917110443115234
0.484,0.06246346980333328,0.3671843409538269,0.1547364443540573,8.865744590759277,0.07964754104614258,0.5932743549346924
0.486,0.06320136040449142,0.3689458668231964,0.15489645302295685,8.87491226196289,0.08000653237104416,0.594844400882721
0.488,0.06394278258085251,0.37070998549461365,0.1550571769475937,8.88412094116211,0.08036074042320251,0.5964171290397644
0.49,0.06468773633241653,0.3724766671657562,0.15521858632564545,8.893369674682617,0.08071038126945496,0.5979921817779541
0.492,0.0654362291097641,0.374245822429657,0.1553807109594345,8.902658462524414,0.08105605840682983,0.5995665788650513
0.494,0.0661882609128952,0.3760175108909607,0.1555435061454773,8.911986351013184,0.08139733970165253,0.6011475324630737
0.496,0.06694384664297104,0.3777916133403778,0.1557069718837738,8.921351432800293,0.08173511922359467,0.6027258038520813
0.498,0.06770297884941101,0.3795681297779083,0.15587110817432404,8.930756568908691,0.08206947147846222,0.6043069958686829
0.5,0.06846567243337631,0.38134703040122986,0.156035915017128,8.94019889831543,0.08240092545747757,0.605887770652771
0.502,0.06923193484544754,0.3831283152103424,0.15620136260986328,8.949678421020508,0.0827292874455452,0.6074733138084412
0.504,0.0700017586350441,0.38491183519363403,0.1563674807548523,8.959196090698242,0.08305542916059494,0.6090559363365173
0.506,0.07077515125274658,0.3866976797580719,0.15653423964977264,8.968750953674316,0.08337919414043427,0.6106429100036621
0.508,0.07155212014913559,0.3884858191013336,0.15670163929462433,8.978342056274414,0.08370073139667511,0.6122319102287292
0.51,0.07233267277479172,0.3902762234210968,0.15686967968940735,8.987970352172852,0.08402034640312195,0.6138219833374023
0.512,0.07311680912971497,0.3920688331127167,0.1570383608341217,8.997634887695312,0.08433829993009567,0.6154133081436157
0.514,0.07390453666448593,0.393863707780838,0.1572076678276062,9.007335662841797,0.08465415984392166,0.6170107126235962
0.516,0.07469586282968521,0.39566078782081604,0.15737760066986084,9.017071723937988,0.08496882021427155,0.6186049580574036
0.518,0.07549078017473221,0.39746004343032837,0.15754817426204681,9.02684497833252,0.0852823555469513,0.620201587677002
0.52,0.07628930360078812,0.3992615044116974,0.15771935880184174,9.036653518676758,0.08559434860944748,0.6218041777610779
0.522,0.07709145545959473,0.40107518434524536,0.15789103507995605,9.046489715576172,0.08583540469408035,0.6238980889320374
0.524,0.07789734750986099,0.40294647216796875,0.1580624133348465,9.05630874633789,0.08568927645683289,0.6282320022583008
0.526,0.0787070170044899,0.4048362076282501,0.15823327004909515,9.0660982131958,0.08542904257774353,0.6307088136672974
0.528,0.07952047884464264,0.4067303538322449,0.15840357542037964,9.07585620880127,0.08515223115682602,0.6325174570083618
0.53,0.08033772557973862,0.40862417221069336,0.15857335925102234,9.085583686828613,0.08489188551902771,0.6340953707695007
0.532,0.08115876466035843,0.41051602363586426,0.15874266624450684,9.095284461975098,0.08465936779975891,0.6355898380279541
0.534,0.08198357373476028,0.41240552067756653,0.1589115858078003,9.104962348937988,0.08445722609758377,0.6370612382888794
0.536,0.08281216025352478,0.4142929017543793,0.1590801477432251,9.114620208740234,0.0842839702963829,0.6385378837585449
0.538,0.08364451676607132,0.4161781668663025,0.15924842655658722,9.124261856079102,0.08413948863744736,0.6400104761123657
0.54,0.0844806358218193,0.4180615544319153,0.15941648185253143,9.133891105651855,0.08402179926633835,0.641492486000061
0.542,0.08532052487134933,0.4199433922767639,0.15958432853221893,9.143507957458496,0.08392871916294098,0.6429858207702637
0.544,0.08616417646408081,0.42182448506355286,0.1597520411014557,9.153117179870605,0.08385488390922546,0.6445136070251465
0.546,0.08701159060001373,0.42370855808258057,0.1599195897579193,9.16271686553955,0.08377405256032944,0.6462237238883972
0.548,0.0878627747297287,0.4255928099155426,0.1600870043039322,9.172308921813965,0.08370576053857803,0.6477982997894287
0.55,0.08871772885322571,0.4274764358997345,0.1602543145418167,9.18189525604248,0.08365541696548462,0.6493334770202637
0.552,0.08957644551992416,0.4293592870235443,0.16042156517505646,9.19147777557373,0.08362457901239395,0.6508557796478271
0.554,0.09043893218040466,0.43124136328697205,0.16058878600597382,9.201059341430664,0.08361271023750305,0.6523796916007996
0.556,0.09130517393350601,0.4331227242946625,0.16075602173805237,9.210640907287598,0.08361935615539551,0.6539049744606018
0.558,0.0921751856803894,0.4350033402442932,0.1609233170747757,9.220226287841797,0.08364524692296982,0.6554233431816101
0.56,0.09304895251989365,0.4368833601474762,0.1610907018184662,9.229816436767578,0.0836888998746872,0.6569505333900452
0.562,0.09392647445201874,0.4387631416320801,0.16125819087028503,9.239413261413574,0.08374792337417603,0.658493161201477
0.5640000000000001,0.09480775892734528,0.4406428635120392,0.16142582893371582,9.249018669128418,0.08382105827331543,0.6600438952445984
0.5660000000000001,0.09569280594587326,0.4425225853919983,0.16159364581108093,9.258633613586426,0.08390785753726959,0.6615972518920898
0.5680000000000001,0.0965816080570221,0.4444026052951813,0.16176165640354156,9.26826000213623,0.0840064212679863,0.6631635427474976
0.5700000000000001,0.09747418016195297,0.44628292322158813,0.1619298905134201,9.277898788452148,0.08411655575037003,0.6647312641143799
0.5720000000000001,0.0983705073595047,0.4481637179851532,0.16209836304187775,9.287551879882812,0.08423731476068497,0.6663057208061218
0.5740000000000001,0.09927059710025787,0.45004501938819885,0.16226710379123688,9.297219276428223,0.0843682512640953,0.6678836941719055
0.5760000000000001,0.1001744493842125,0.4519270062446594,0.1624361276626587,9.306903839111328,0.08450832962989807,0.6694693565368652
0.578,0.10108206421136856,0.4538096487522125,0.1626054346561432,9.316604614257812,0.08465755730867386,0.6710556149482727
0.58,0.10199345648288727,0.4556930959224701,0.16277506947517395,9.326323509216309,0.08481498062610626,0.6726493835449219
0.582,0.10290861129760742,0.4575774669647217,0.16294503211975098,9.33606243133545,0.08498004823923111,0.6742478609085083
0.584,0.10382753610610962,0.4594627618789673,0.16311533749103546,9.345819473266602,0.08515238761901855,0.6758500337600708
0.586,0.10475022345781326,0.46134549379348755,0.16328604519367218,9.355600357055664,0.0853566899895668,0.6772791743278503
0.588,0.10567664355039597,0.4632083773612976,0.1634574681520462,9.365422248840332,0.08571323752403259,0.6778567433357239
0.59,0.10660677403211594,0.46506643295288086,0.1636297106742859,9.375290870666504,0.08611728996038437,0.6791511178016663
0.592,0.10754062235355377,0.4669249355792999,0.16380277276039124,9.385207176208496,0.0865323543548584,0.6806988716125488
0.594,0.10847819596529007,0.4687856435775757,0.16397666931152344,9.395170211791992,0.08694611489772797,0.6823354363441467
0.596,0.10941949486732483,0.47064924240112305,0.1641513705253601,9.405179977416992,0.08735402673482895,0.6840081214904785
0.598,0.11036452651023865,0.4725157916545868,0.16432687640190125,9.41523551940918,0.08775556832551956,0.6856892108917236
0.6,0.11131329834461212,0.4743853509426117,0.16450318694114685,9.425337791442871,0.0881505236029625,0.6873765587806702
0.602,0.11226581037044525,0.47625795006752014,0.16468025743961334,9.4354829788208,0.08853881061077118,0.6890691518783569
0.604,0.11322207748889923,0.47813349962234497,0.16485810279846191,9.445672988891602,0.088920958340168,0.6907626390457153
0.606,0.11418212205171585,0.48002225160598755,0.16503655910491943,9.455897331237793,0.08922567218542099,0.6929640769958496
0.608,0.11514603346586227,0.4819556772708893,0.16521503031253815,9.466123580932617,0.08923393487930298,0.6967281103134155
0.61,0.11611384153366089,0.4839019775390625,0.16539335250854492,9.476340293884277,0.08916730433702469,0.6989787817001343
0.612,0.1170855388045311,0.4858481287956238,0.16557158529758453,9.486552238464355,0.0891164168715477,0.7006025910377502
0.614,0.1180611252784729,0.48779380321502686,0.16574975848197937,9.496761322021484,0.0890837088227272,0.7022071480751038
0.616,0.1190406009554863,0.48973897099494934,0.16592790186405182,9.506967544555664,0.08906932920217514,0.7038083076477051
0.618,0.12002396583557129,0.4916837513446808,0.16610604524612427,9.51717472076416,0.08907237648963928,0.7054136991500854
0.62,0.12101122736930847,0.49362820386886597,0.1662842333316803,9.527383804321289,0.0890924483537674,0.707020103931427
0.622,0.12200237065553665,0.495572566986084,0.1664624810218811,9.537596702575684,0.08912795782089233,0.7086361050605774
0.624,0.12299740314483643,0.49751681089401245,0.16664083302021027,9.547816276550293,0.08917874842882156,0.7102518677711487
0.626,0.1239963248372078,0.49946123361587524,0.16681933403015137,9.558043479919434,0.08924326300621033,0.7118776440620422
0.628,0.12499913573265076,0.5014059543609619,0.1669979691505432,9.568278312683105,0.08932039886713028,0.7135104537010193
0.63,0.1260058432817459,0.5033509731292725,0.16717678308486938,9.578523635864258,0.08941011130809784,0.7151431441307068
0.632,0.12701644003391266,0.5052964091300964,0.16735580563545227,9.588780403137207,0.08951161801815033,0.716780960559845
0.634,0.1280309110879898,0.5072424411773682,0.16753505170345306,9.599050521850586,0.08962355554103851,0.718428373336792
0.636,0.12904930114746094,0.5091891288757324,0.16771455109119415,9.609334945678711,0.08974582701921463,0.7200765609741211
0.638,0.13007156550884247,0.5111366510391235,0.16789430379867554,9.619634628295898,0.0898774191737175,0.7217322587966919
0.64,0.1310977339744568,0.5130848288536072,0.1680743396282196,9.629949569702148,0.09001853317022324,0.7233870029449463
0.642,0.1321278065443039,0.5150340795516968,0.16825467348098755,9.640281677246094,0.09016747772693634,0.7250542044639587
0.644,0.1331617832183838,0.516984224319458,0.16843532025814056,9.650632858276367,0.09032490104436874,0.7267177104949951
0.646,0.13419964909553528,0.5189354419708252,0.16861630976200104,9.661002159118652,0.09048985689878464,0.7283887267112732
0.648,0.13524141907691956,0.5208877921104431,0.16879762709140778,9.671391487121582,0.09066151082515717,0.7300666570663452
0.65,0.13628710806369781,0.5228413343429565,0.16897930204868317,9.68179988861084,0.09083981812000275,0.7317460775375366
0.652,0.13733670115470886,0.5247961282730103,0.1691613644361496,9.692232131958008,0.09102446585893631,0.733428955078125
0.654,0.1383901983499527,0.526752233505249,0.16934378445148468,9.702683448791504,0.09121488779783249,0.7351171970367432
0.656,0.13944761455059052,0.5287096500396729,0.169526606798172,9.71315860748291,0.09141119569540024,0.7368060946464539
0.658,0.1405089646577835,0.5306684970855713,0.16970983147621155,9.72365665435791,0.09161251783370972,0.7385026216506958
0.66,0.1415742188692093,0.5326288342475891,0.16989347338676453,9.73417854309082,0.0918184295296669,0.740203857421875
0.662,0.14264339208602905,0.5345906615257263,0.17007753252983093,9.74472427368164,0.0920291393995285,0.7419053316116333
0.664,0.143716499209404,0.5365540385246277,0.17026202380657196,9.755294799804688,0.09224416315555573,0.7436119914054871
0.666,0.1447935402393341,0.5385189652442932,0.1704469472169876,9.765890121459961,0.09246339648962021,0.7453212141990662
0.668,0.1458745151758194,0.5404855608940125,0.17063231766223907,9.776511192321777,0.09268639236688614,0.7470354437828064
0.67,0.14695942401885986,0.5424538254737854,0.17081815004348755,9.787158966064453,0.09291322529315948,0.7487512230873108
0.672,0.1480482667684555,0.5444237589836121,0.17100442945957184,9.797831535339355,0.09314308315515518,0.7504746913909912
0.674,0.14914105832576752,0.546395480632782,0.17119118571281433,9.808531761169434,0.09337643533945084,0.7521969676017761
0.676,0.1502377986907959,0.5483689308166504,0.17137840390205383,9.819258689880371,0.09361275285482407,0.753925085067749
0.678,0.15133848786354065,0.5503441691398621,0.17156611382961273,9.830013275146484,0.0938522145152092,0.7556540966033936
0.68,0.15244312584400177,0.552321195602417,0.17175430059432983,9.84079647064209,0.09409426897764206,0.7573891878128052
0.682,0.15355172753334045,0.5543001294136047,0.17194297909736633,9.851606369018555,0.09433893859386444,0.7591264247894287
0.684,0.1546642780303955,0.5562764406204224,0.172132208943367,9.862448692321777,0.09461724013090134,0.7606461048126221
0.686,0.15578079223632812,0.5582521557807922,0.17232204973697662,9.87332534790039,0.09491507709026337,0.7622629404067993
0.6880000000000001,0.15690124034881592,0.5602292418479919,0.172512486577034,9.884237289428711,0.09521891176700592,0.7639753818511963
0.6900000000000001,0.15802566707134247,0.5622084140777588,0.17270353436470032,9.895182609558105,0.09552416950464249,0.7657223343849182
0.6920000000000001,0.1591540426015854,0.5641899108886719,0.17289519309997559,9.906164169311523,0.09582895785570145,0.7674855589866638
0.6940000000000001,0.16028638184070587,0.5661737322807312,0.1730874478816986,9.917180061340332,0.09613300114870071,0.7692539095878601
0.6960000000000001,0.1614227294921875,0.5681673288345337,0.17328022420406342,9.928224563598633,0.09638480842113495,0.7713904976844788
0.6980000000000001,0.16256308555603027,0.5701799392700195,0.1734732687473297,9.939285278320312,0.09652043133974075,0.7739921808242798
0.7000000000000001,0.16370747983455658,0.5721983909606934,0.17366652190685272,9.950358390808105,0.0966307520866394,0.7759714126586914
0.7020000000000001,0.16485591232776642,0.5742190480232239,0.17386001348495483,9.961444854736328,0.0967419296503067,0.7777712345123291
0.704,0.16600839793682098,0.5762410163879395,0.17405372858047485,9.972543716430664,0.09686017781496048,0.7795286178588867
0.706,0.16716492176055908,0.5782638788223267,0.17424771189689636,9.983657836914062,0.09698785096406937,0.7812700271606445
0.708,0.1683254987001419,0.5802878737449646,0.17444194853305817,9.994787216186523,0.09712382405996323,0.7830196619033813
0.71,0.16949012875556946,0.5823128819465637,0.17463649809360504,10.00593376159668,0.09726916253566742,0.784762442111969
0.712,0.17065881192684174,0.5843390226364136,0.1748313307762146,10.017096519470215,0.09742216765880585,0.7865177392959595
0.714,0.17183153331279755,0.5863663554191589,0.17502650618553162,10.028279304504395,0.09758318215608597,0.788271427154541
0.716,0.1730082929134369,0.5883774757385254,0.175222247838974,10.039494514465332,0.09787282347679138,0.7891701459884644
0.718,0.17418906092643738,0.5903846025466919,0.1754186600446701,10.050747871398926,0.09820673614740372,0.790648341178894
0.72,0.1753738522529602,0.5923919677734375,0.17561577260494232,10.062042236328125,0.09855515509843826,0.7923336029052734
0.722,0.17656265199184418,0.5944011211395264,0.17581358551979065,10.073375701904297,0.0989069789648056,0.7940987348556519
0.724,0.1777554750442505,0.596412718296051,0.1760120987892151,10.084750175476074,0.09925827383995056,0.7958946228027344
0.726,0.17895233631134033,0.598426878452301,0.17621131241321564,10.096163749694824,0.09960788488388062,0.7977023124694824
0.728,0.18015322089195251,0.6004436612129211,0.1764112263917923,10.10761833190918,0.09995580464601517,0.7995138168334961
0.73,0.18135814368724823,0.6024631261825562,0.17661182582378387,10.119112014770508,0.1003011092543602,0.8013355731964111
0.732,0.18256711959838867,0.604485273361206,0.17681312561035156,10.130645751953125,0.10064442455768585,0.8031567335128784
0.734,0.18378013372421265,0.6065101027488708,0.17701509594917297,10.142217636108398,0.10098554193973541,0.8049830794334412
0.736,0.18499721586704254,0.6085375547409058,0.1772177368402481,10.153827667236328,0.1013251319527626,0.8068084120750427
0.738,0.18621835112571716,0.610567569732666,0.17742106318473816,10.165477752685547,0.10166322439908981,0.8086370229721069
0.74,0.1874435395002365,0.6126003265380859,0.17762507498264313,10.177166938781738,0.10199925303459167,0.8104733228683472
0.742,0.18867281079292297,0.614635705947876,0.17782974243164062,10.18889331817627,0.102333664894104,0.8123100399971008
0.744,0.18990616500377655,0.6166737079620361,0.17803506553173065,10.20065689086914,0.10266675800085068,0.8141482472419739
0.746,0.19114358723163605,0.6187143325805664,0.1782410591840744,10.212459564208984,0.10299856960773468,0.81598961353302
0.748,0.19238510727882385,0.620757520198822,0.17844772338867188,10.224300384521484,0.10332932323217392,0.8178328275680542
0.75,0.19363071024417877,0.6228033304214478,0.17865504324436188,10.23617935180664,0.10365881025791168,0.8196810483932495
0.752,0.194880411028862,0.6248517036437988,0.1788630187511444,10.248095512390137,0.1039874404668808,0.821529746055603
0.754,0.19613422453403473,0.6269027590751648,0.17907164990901947,10.260048866271973,0.1043148934841156,0.8233840465545654
0.756,0.19739213585853577,0.6289563775062561,0.17928092181682587,10.272039413452148,0.10464127361774445,0.8252411484718323
0.758,0.1986541599035263,0.6310125589370728,0.179490864276886,10.28406810760498,0.10496735572814941,0.8270960450172424
0.76,0.19992031157016754,0.6330713629722595,0.17970144748687744,10.296133995056152,0.10529232770204544,0.8289599418640137
0.762,0.20119057595729828,0.6351327300071716,0.17991268634796143,10.308237075805664,0.10561676323413849,0.8308233022689819
0.764,0.2024649679660797,0.6371967196464539,0.18012456595897675,10.3203763961792,0.10594046115875244,0.8326912522315979
0.766,0.20374348759651184,0.6392632722854614,0.1803370863199234,10.332552909851074,0.10626379400491714,0.8345599174499512
0.768,0.20502614974975586,0.6413324475288391,0.18055026233196259,10.344767570495605,0.1065865308046341,0.8364335298538208
0.77,0.20631296932697296,0.6434041261672974,0.1807640790939331,10.35701847076416,0.1069088727235794,0.8383089900016785
0.772,0.20760391652584076,0.6454784870147705,0.18097853660583496,10.369305610656738,0.10723067075014114,0.8401888012886047
0.774,0.20889903604984283,0.6475553512573242,0.18119364976882935,10.381630897521973,0.10755239427089691,0.8420685529708862
0.776,0.2101982980966568,0.6496348977088928,0.18140938878059387,10.393991470336914,0.10787355154752731,0.8439549803733826
0.778,0.21150173246860504,0.651716947555542,0.18162578344345093,10.406390190124512,0.10819461941719055,0.8458414077758789
0.78,0.21280933916568756,0.653801679611206,0.18184281885623932,10.418825149536133,0.10851527005434036,0.8477333784103394
0.782,0.21412111818790436,0.6558889746665955,0.18206048011779785,10.431296348571777,0.10883558541536331,0.8496279716491699
0.784,0.21543706953525543,0.6579788327217102,0.1822787970304489,10.443804740905762,0.10915616154670715,0.8515217304229736
0.786,0.21675722301006317,0.6600713133811951,0.1824977546930313,10.456350326538086,0.10947651416063309,0.8534219861030579
0.788,0.2180815488100052,0.6621665358543396,0.18271733820438385,10.468932151794434,0.10979581624269485,0.8553314805030823
0.79,0.21941007673740387,0.6642646789550781,0.18293756246566772,10.481549263000488,0.11011285334825516,0.8572530150413513
0.792,0.22074280679225922,0.6663658022880554,0.18315842747688293,10.4942045211792,0.11042747646570206,0.8591791987419128
0.794,0.22207975387573242,0.6684696674346924,0.1833799034357071,10.5068941116333,0.1107410341501236,0.8610994219779968
0.796,0.2234209030866623,0.6705760955810547,0.18360202014446259,10.519619941711426,0.11105486750602722,0.863013505935669
0.798,0.22476626932621002,0.6726851463317871,0.18382474780082703,10.532382011413574,0.11136890202760696,0.8649312257766724
0.8,0.2261158674955368,0.6747968196868896,0.1840481162071228,10.54517936706543,0.11168325692415237,0.8668513298034668
0.802,0.22746968269348145,0.6769110560417175,0.18427211046218872,10.558013916015625,0.11199789494276047,0.8687748908996582
0.804,0.22882774472236633,0.6790279150009155,0.18449674546718597,10.570884704589844,0.11231298744678497,0.8707003593444824
0.806,0.23019003868103027,0.6811473369598389,0.18472199141979218,10.583789825439453,0.11262848973274231,0.8726292848587036
0.808,0.23155657947063446,0.6832693815231323,0.1849478930234909,10.596733093261719,0.112944595515728,0.8745601177215576
0.81,0.2329273670911789,0.6853940486907959,0.18517440557479858,10.609711647033691,0.1132608950138092,0.8764969706535339
0.812,0.23430240154266357,0.6875213384628296,0.1854015588760376,10.622726440429688,0.11357787996530533,0.8784335851669312
0.8140000000000001,0.2356817126274109,0.68965083360672,0.18562935292720795,10.635777473449707,0.11389776319265366,0.880357563495636
0.8160000000000001,0.23706507682800293,0.691682755947113,0.18585918843746185,10.648946762084961,0.11491668969392776,0.8773171305656433
0.8180000000000001,0.23845243453979492,0.6936798691749573,0.1860915869474411,10.662261962890625,0.11619622260332108,0.8772909045219421
0.8200000000000001,0.23984381556510925,0.6956937313079834,0.18632633984088898,10.675712585449219,0.11737776547670364,0.8797880411148071
0.8220000000000001,0.24123936891555786,0.6977719664573669,0.18656259775161743,10.689249038696289,0.11813008785247803,0.8846758604049683
0.8240000000000001,0.24263912439346313,0.6998775005340576,0.186800017952919,10.702852249145508,0.118711456656456,0.8878014087677002
0.8260000000000001,0.24404318630695343,0.7020293474197388,0.18703800439834595,10.716487884521484,0.1189902126789093,0.8919017910957336
0.8280000000000001,0.24545173346996307,0.7042796611785889,0.1872752159833908,10.73007869720459,0.1186022236943245,0.8986580967903137
0.8300000000000001,0.24686487019062042,0.7065675854682922,0.1875111609697342,10.743597984313965,0.11797282099723816,0.9024922847747803
0.8320000000000001,0.24828261137008667,0.7088678479194641,0.18774570524692535,10.757036209106445,0.11727715283632278,0.9051144123077393
0.834,0.24970495700836182,0.7111702561378479,0.18797887861728668,10.77039623260498,0.11658638715744019,0.9072358012199402
0.836,0.25113189220428467,0.7134708762168884,0.18821074068546295,10.78368091583252,0.11592816561460495,0.9091552495956421
0.838,0.2525634169578552,0.7157682776451111,0.18844136595726013,10.796894073486328,0.1153121292591095,0.910996675491333
0.84,0.2539995610713959,0.7180619835853577,0.18867084383964539,10.810042381286621,0.1147410199046135,0.9128082990646362
0.842,0.25544026494026184,0.7203521132469177,0.18889927864074707,10.82313060760498,0.11421417444944382,0.9146144390106201
0.844,0.2568855285644531,0.7226388454437256,0.18912672996520996,10.836162567138672,0.11373038589954376,0.916419506072998
0.846,0.2583353817462921,0.7249223589897156,0.1893533170223236,10.84914493560791,0.11328790336847305,0.9182279109954834
0.848,0.2597897946834564,0.7272030711174011,0.1895790845155716,10.862080574035645,0.11288387328386307,0.9200483560562134
0.85,0.26124873757362366,0.7294812202453613,0.1898041069507599,10.87497329711914,0.11251666396856308,0.9218729734420776
0.852,0.2627122700214386,0.7317570447921753,0.19002847373485565,10.887828826904297,0.11218425631523132,0.9237051010131836
0.854,0.26418033242225647,0.7340307235717773,0.19025224447250366,10.900650024414062,0.11188507080078125,0.9255421757698059
0.856,0.26565292477607727,0.7363026738166809,0.1904754787683487,10.913440704345703,0.11161656677722931,0.9273917078971863
0.858,0.2671300768852234,0.7385731339454651,0.19069823622703552,10.926203727722168,0.11137726902961731,0.9292468428611755
0.86,0.26861175894737244,0.7408422231674194,0.19092056155204773,10.938941955566406,0.11116565018892288,0.9311082363128662
0.862,0.2700979709625244,0.7431101202964783,0.19114252924919128,10.951659202575684,0.11098046600818634,0.9329745769500732
0.864,0.2715887427330017,0.7453771829605103,0.19136416912078857,10.96435832977295,0.11081977188587189,0.9348511099815369
0.866,0.27308401465415955,0.7476434111595154,0.19158554077148438,10.977042198181152,0.1106826514005661,0.9367310404777527
0.868,0.2745838463306427,0.7499091625213623,0.19180667400360107,10.989712715148926,0.11056738346815109,0.9386205673217773
0.87,0.2760881781578064,0.752174437046051,0.19202761352062225,11.002370834350586,0.11047320067882538,0.9405131340026855
0.872,0.2775970697402954,0.7544395327568054,0.1922484189271927,11.015022277832031,0.11039870232343674,0.9424137473106384
0.874,0.27911049127578735,0.756704568862915,0.19246910512447357,11.027667045593262,0.11034291982650757,0.9443194270133972
0.876,0.28062841296195984,0.7589696645736694,0.1926897019147873,11.040306091308594,0.11030462384223938,0.9462326169013977
0.878,0.28215089440345764,0.7612349390983582,0.19291026890277863,11.052943229675293,0.11028317362070084,0.9481492042541504
0.88,0.283677875995636,0.7635005116462708,0.19313083589076996,11.065581321716309,0.11027751117944717,0.9500724673271179
0.882,0.2852097749710083,0.7659416794776917,0.1933489590883255,11.078078269958496,0.10906679928302765,0.960741400718689
0.884,0.28674668073654175,0.7684606313705444,0.19356362521648407,11.090377807617188,0.10733296722173691,0.9667319655418396
0.886,0.2882887125015259,0.7710087895393372,0.19377446174621582,11.102458000183105,0.10541445016860962,0.9703800082206726
0.888,0.2898358404636383,0.7735635638237,0.19398139417171478,11.114315032958984,0.10346773266792297,0.9729281067848206
0.89,0.29138806462287903,0.7761148810386658,0.19418452680110931,11.125953674316406,0.10156338661909103,0.9749641418457031
0.892,0.29294538497924805,0.7786581516265869,0.19438397884368896,11.137380599975586,0.09973260015249252,0.9767585396766663
0.894,0.29450806975364685,0.781343400478363,0.19457784295082092,11.148488998413086,0.09692994505167007,0.9860249757766724
0.896,0.29607635736465454,0.7841461896896362,0.19476449489593506,11.15918254852295,0.09332555532455444,0.9942275881767273
0.898,0.29765036702156067,0.7870032787322998,0.19494321942329407,11.16942310333252,0.08936012536287308,0.9993906021118164
0.9,0.2992301285266876,0.7898797988891602,0.19511376321315765,11.179194450378418,0.08527547866106033,1.002859115600586
0.902,0.3008156418800354,0.7927568554878235,0.1952761709690094,11.188499450683594,0.08120301365852356,1.0053815841674805
0.904,0.3024068772792816,0.7956242561340332,0.19543059170246124,11.197347640991211,0.07721266895532608,1.0073761940002441
0.906,0.30400383472442627,0.7984766960144043,0.19557727873325348,11.2057523727417,0.07334049791097641,1.0090744495391846
0.908,0.3056064546108246,0.8013116717338562,0.1957164853811264,11.213727951049805,0.06960342079401016,1.0106085538864136
0.91,0.30721473693847656,0.8041280508041382,0.1958485096693039,11.221292495727539,0.06600811332464218,1.0120503902435303
0.912,0.30882856249809265,0.8069255948066711,0.19597361981868744,11.228460311889648,0.0625557005405426,1.0134400129318237
0.914,0.3104479908943176,0.8097044825553894,0.19609209895133972,11.235249519348145,0.05924394354224205,1.0148025751113892
0.916,0.31207290291786194,0.812466561794281,0.19620421528816223,11.24167251586914,0.05605984106659889,1.0162169933319092
0.918,0.31370335817337036,0.8152182698249817,0.1963101327419281,11.24774169921875,0.052957188338041306,1.0179250240325928
0.92,0.31533926725387573,0.8179566860198975,0.19641004502773285,11.25346565246582,0.04995567351579666,1.0194625854492188
0.922,0.31698063015937805,0.8206806182861328,0.19650417566299438,11.258859634399414,0.047063637524843216,1.0209085941314697
0.924,0.31862741708755493,0.82338947057724,0.19659274816513062,11.263934135437012,0.04428425058722496,1.0222994089126587
0.926,0.3202795684337616,0.8260833024978638,0.19667597115039825,11.268702507019043,0.041616570204496384,1.023664951324463
0.928,0.32193708419799805,0.828762412071228,0.1967540979385376,11.273179054260254,0.039057955145835876,1.025018334388733
0.93,0.3235999643802643,0.8314272165298462,0.19682730734348297,11.277373313903809,0.036605313420295715,1.0263640880584717
0.932,0.3252682685852051,0.8341549634933472,0.19689473509788513,11.28123664855957,0.03371936455368996,1.0315526723861694
0.934,0.3269420862197876,0.8369073271751404,0.1969560831785202,11.284751892089844,0.030667850747704506,1.0348827838897705
0.936,0.32862138748168945,0.839657187461853,0.19701135158538818,11.287918090820312,0.02763829380273819,1.0368815660476685
0.9380000000000001,0.33030617237091064,0.8423949480056763,0.1970607489347458,11.290748596191406,0.0246979258954525,1.0383795499801636
0.9400000000000001,0.3319964110851288,0.8451173901557922,0.19710448384284973,11.293254852294922,0.02186797372996807,1.0396958589553833
0.9420000000000001,0.33369189500808716,0.8477452993392944,0.19714388251304626,11.295512199401855,0.019700219854712486,1.0370181798934937
0.9440000000000001,0.3353925347328186,0.8503196239471436,0.19717970490455627,11.297564506530762,0.017908399924635887,1.0362709760665894
0.9460000000000001,0.33709830045700073,0.8528703451156616,0.19721226394176483,11.299429893493652,0.016282806172966957,1.0369579792022705
0.9480000000000001,0.3388091027736664,0.8554070591926575,0.19724178314208984,11.30112075805664,0.014756686985492706,1.0380908250808716
0.9500000000000001,0.3405252993106842,0.8581016659736633,0.19726604223251343,11.302511215209961,0.012132430449128151,1.0478019714355469
0.9520000000000001,0.34224721789360046,0.8609511852264404,0.19728291034698486,11.30347728729248,0.00843063648790121,1.0575473308563232
0.9540000000000001,0.34397491812705994,0.8638561964035034,0.19729159772396088,11.303975105285645,0.0043442146852612495,1.0624873638153076
0.9560000000000001,0.3457084596157074,0.8667723536491394,0.19729195535182953,11.303996086120605,0.00018166410154663026,1.0652570724487305
0.9580000000000001,0.34744781255722046,0.8696803450584412,0.19728411734104156,11.303546905517578,-0.00392298074439168,1.0670543909072876
0.96,0.3491929769515991,0.8725718259811401,0.1972682923078537,11.302639961242676,-0.00791254360228777,1.0684082508087158
0.962,0.3509438633918762,0.8754435777664185,0.1972447633743286,11.301291465759277,-0.011765248142182827,1.069563865661621
0.964,0.35270044207572937,0.878292441368103,0.19721384346485138,11.299520492553711,-0.015459960326552391,1.0705232620239258
0.966,0.3544626832008362,0.8811178207397461,0.19717584550380707,11.297343254089355,-0.01899314485490322,1.0714104175567627
0.968,0.3562305271625519,0.8839218020439148,0.19713109731674194,11.294778823852539,-0.022380726411938667,1.0723657608032227
0.97,0.3580039441585541,0.8867059946060181,0.1970798224210739,11.291841506958008,-0.025633661076426506,1.0733575820922852
0.972,0.359782874584198,0.889471173286438,0.19702230393886566,11.288545608520508,-0.028758609667420387,1.0743579864501953
0.974,0.36156731843948364,0.8922182321548462,0.1969587802886963,11.284906387329102,-0.031762268394231796,1.0753693580627441
0.976,0.36335721611976624,0.8949478268623352,0.1968894749879837,11.280935287475586,-0.03464991971850395,1.0763835906982422
0.978,0.3651527166366577,0.8977574110031128,0.19681328535079956,11.276570320129395,-0.038100361824035645,1.0822376012802124
0.98,0.36695441603660583,0.900852382183075,0.19672618806362152,11.27157974243164,-0.04354565590620041,1.0984535217285156
0.982,0.36876264214515686,0.9041124582290649,0.19662590324878693,11.265833854675293,-0.05014628916978836,1.1089608669281006
0.984,0.3705778419971466,0.9075979590415955,0.1965092420578003,11.259149551391602,-0.05832391232252121,1.1226563453674316
0.986,0.37240034341812134,0.9112462401390076,0.19637396931648254,11.251399040222168,-0.06764193624258041,1.1334419250488281
0.988,0.37423035502433777,0.9150119423866272,0.19621840119361877,11.242486000061035,-0.0777851790189743,1.1421043872833252
0.99,0.3760680854320526,0.9188619256019592,0.19604134559631348,11.232340812683105,-0.08852478116750717,1.149202585220337
0.992,0.37791362404823303,0.9227694272994995,0.19584199786186218,11.220919609069824,-0.09967534989118576,1.1550049781799316
0.994,0.37976691126823425,0.9266452789306641,0.19562076032161713,11.208243370056152,-0.11061831563711166,1.1563692092895508
0.996,0.3816278874874115,0.9304903149604797,0.19537803530693054,11.1943359375,-0.12136071920394897,1.1576789617538452
0.998,0.3834965229034424,0.9343109726905823,0.1951141357421875,11.179215431213379,-0.13195066154003143,1.15923273563385
1.0,0.38537266850471497,0.9380798935890198,0.19482973217964172,11.162920951843262,-0.1421990543603897,1.1593397855758667
1.002,0.38725629448890686,0.9418047666549683,0.19452542066574097,11.145484924316406,-0.15216189622879028,1.15972900390625
1.004,0.3891472816467285,0.9454960823059082,0.19420158863067627,11.126931190490723,-0.16191460192203522,1.16055166721344
1.006,0.39104560017585754,0.9491609334945679,0.1938585638999939,11.107276916503906,-0.17150801420211792,1.1616473197937012
1.008,0.3929511308670044,0.9527645111083984,0.1934971660375595,11.086570739746094,-0.18070173263549805,1.1609388589859009
1.01,0.3948638141155243,0.9563450217247009,0.1931176334619522,11.064825057983398,-0.18976354598999023,1.1620304584503174
1.012,0.39678364992141724,0.9599090814590454,0.19272015988826752,11.042051315307617,-0.19874228537082672,1.1634001731872559
1.014,0.39871057868003845,0.9634667038917542,0.19230473041534424,11.018248558044434,-0.20770826935768127,1.1652114391326904
1.016,0.40064460039138794,0.9670214653015137,0.19187135994434357,10.99341869354248,-0.21668854355812073,1.1671664714813232
1.018,0.4025857448577881,0.9705724716186523,0.19142000377178192,10.967557907104492,-0.22567783296108246,1.16903817653656
1.02,0.4045340120792389,0.9741189479827881,0.1909506618976593,10.940666198730469,-0.23467309772968292,1.170841932296753
1.022,0.4064893126487732,0.9776604175567627,0.19046331942081451,10.91274356842041,-0.2436719536781311,1.1725821495056152
1.024,0.40845170617103577,0.9811964631080627,0.18995796144008636,10.8837890625,-0.2526729106903076,1.1742644309997559
1.026,0.4104211628437042,0.98472660779953,0.18943461775779724,10.853803634643555,-0.26167476177215576,1.1758906841278076
1.028,0.41239693760871887,0.9878926873207092,0.1888982504606247,10.823071479797363,-0.26818329095840454,1.1596375703811646
1.03,0.41437843441963196,0.9907420873641968,0.18835318088531494,10.791841506958008,-0.27253201603889465,1.1453180313110352
1.032,0.41636523604393005,0.9933961629867554,0.1878020465373993,10.76026439666748,-0.2755686044692993,1.13667893409729
1.034,0.41835707426071167,0.9959308505058289,0.1872464120388031,10.728428840637207,-0.27782219648361206,1.1315957307815552
1.036,0.42035385966300964,0.9983910322189331,0.1866871863603592,10.69638729095459,-0.2796068489551544,1.1286252737045288
1.038,0.42235520482063293,1.0006605386734009,0.1861269623041153,10.664288520812988,-0.28011369705200195,1.1198049783706665
1.04,0.42436036467552185,1.002587080001831,0.18557040393352509,10.632400512695312,-0.2782823443412781,1.103214979171753
1.042,0.4263690412044525,1.0043389797210693,0.1850198358297348,10.600854873657227,-0.275285929441452,1.0946298837661743
1.044,0.4283810257911682,1.005994439125061,0.18447649478912354,10.569724082946777,-0.2716687321662903,1.0897663831710815
1.046,0.4303961992263794,1.0075889825820923,0.18394114077091217,10.539050102233887,-0.2676784098148346,1.086601972579956
1.048,0.4324145019054413,1.0091530084609985,0.18341408669948578,10.5088529586792,-0.2635250389575958,1.0849097967147827
1.05,0.4344359040260315,1.0107004642486572,0.1828954666852951,10.479137420654297,-0.2593056857585907,1.0839192867279053
1.052,0.43646031618118286,1.012200117111206,0.1823858767747879,10.44994068145752,-0.25480008125305176,1.081383466720581
1.054,0.43848761916160583,1.0136539936065674,0.18188582360744476,10.421289443969727,-0.2500219941139221,1.0789334774017334
1.056,0.4405178129673004,1.0150901079177856,0.1813955008983612,10.393196105957031,-0.24516542255878448,1.0778547525405884
1.058,0.44255077838897705,1.0164821147918701,0.18091540038585663,10.36568832397461,-0.2400456964969635,1.075482964515686
1.06,0.4445864260196686,1.0178295373916626,0.1804460883140564,10.338798522949219,-0.23465858399868011,1.073072075843811
1.062,0.4466246962547302,1.0191398859024048,0.17998798191547394,10.312551498413086,-0.22905507683753967,1.071014642715454
1.064,0.4486654996871948,1.0204015970230103,0.179541677236557,10.286979675292969,-0.22315333783626556,1.0683743953704834
1.066,0.45070880651474,1.021643877029419,0.17910736799240112,10.26209545135498,-0.21715565025806427,1.0671595335006714
1.068,0.45275455713272095,1.022881269454956,0.1786850392818451,10.237897872924805,-0.2111625075340271,1.0666788816452026
1.07,0.45480281114578247,1.024123191833496,0.17827455699443817,10.21437931060791,-0.20523715019226074,1.066683292388916
1.072,0.45685356855392456,1.025374174118042,0.17787574231624603,10.1915283203125,-0.19941067695617676,1.0669533014297485
1.074,0.4589068293571472,1.0266371965408325,0.17748834192752838,10.169332504272461,-0.19370217621326447,1.0674068927764893
1.076,0.4609626531600952,1.0279136896133423,0.17711208760738373,10.147774696350098,-0.18812094628810883,1.0679762363433838
1.078,0.46302106976509094,1.0292044878005981,0.17674675583839417,10.126842498779297,-0.18267105519771576,1.0686237812042236
1.08,0.4650820791721344,1.0305098295211792,0.17639204859733582,10.10651969909668,-0.17735309898853302,1.069324254989624
1.082,0.46714574098587036,1.0318297147750854,0.17604771256446838,10.086790084838867,-0.17216606438159943,1.0700647830963135
1.084,0.46921205520629883,1.0331612825393677,0.17571353912353516,10.067643165588379,-0.16708852350711823,1.0706989765167236
1.086,0.4712810814380646,1.0345051288604736,0.17538928985595703,10.049065589904785,-0.16212445497512817,1.0714024305343628
1.088,0.4733527898788452,1.0358620882034302,0.1750747263431549,10.031042098999023,-0.1572779268026352,1.072175145149231
1.09,0.4754272699356079,1.0372322797775269,0.17476963996887207,10.013562202453613,-0.15254950523376465,1.072992205619812
1.092,0.4775044918060303,1.0386097431182861,0.174473837018013,9.996613502502441,-0.1478959023952484,1.0735414028167725
1.094,0.4795844554901123,1.0399844646453857,0.17418734729290009,9.980198860168457,-0.14324723184108734,1.0736262798309326
1.096,0.4816671907901764,1.0413641929626465,0.17391003668308258,9.964310646057129,-0.13865669071674347,1.0741078853607178
1.098,0.48375269770622253,1.0427531003952026,0.17364172637462616,9.94893741607666,-0.13415202498435974,1.0748144388198853
1.1,0.4858410060405731,1.0441532135009766,0.1733822375535965,9.934069633483887,-0.12974706292152405,1.0756510496139526
1.102,0.48793211579322815,1.0455656051635742,0.17313134670257568,9.919694900512695,-0.12544795870780945,1.076564908027649
1.104,0.4900261163711548,1.0469906330108643,0.1728888303041458,9.905799865722656,-0.12125679105520248,1.077527642250061
1.106,0.4921230971813202,1.048500657081604,0.172653466463089,9.892313957214355,-0.1176772266626358,1.0820943117141724
1.108,0.49422335624694824,1.0501179695129395,0.17242375016212463,9.879152297973633,-0.11486309766769409,1.0878655910491943
1.11,0.49632692337036133,1.051794171333313,0.17219878733158112,9.866263389587402,-0.11247670650482178,1.0913784503936768
1.112,0.4984339475631714,1.0535032749176025,0.17197811603546143,9.853619575500488,-0.11033708602190018,1.0936845541000366
1.114,0.5005444288253784,1.0552315711975098,0.1717614233493805,9.841203689575195,-0.10834722965955734,1.0953471660614014
1.116,0.5026583671569824,1.056971549987793,0.1715485155582428,9.829005241394043,-0.1064547449350357,1.096665620803833
1.118,0.5047757625579834,1.0587190389633179,0.1713392585515976,9.817015647888184,-0.10463113337755203,1.0978002548217773
1.12,0.5068967342376709,1.0604684352874756,0.17113357782363892,9.805231094360352,-0.10283702611923218,1.098669171333313
1.122,0.5090211629867554,1.062216877937317,0.17093147337436676,9.793651580810547,-0.1010514497756958,1.0993963479995728
1.124,0.5111491084098816,1.0639662742614746,0.17073290050029755,9.78227424621582,-0.09928750991821289,1.100219964981079
1.1260000000000001,0.5132805109024048,1.0657174587249756,0.1705377995967865,9.771095275878906,-0.09755180776119232,1.1010963916778564
1.1280000000000001,0.5154154896736145,1.067470908164978,0.17034609615802765,9.760111808776855,-0.09584739804267883,1.1020017862319946
1.1300000000000001,0.5175539255142212,1.0692269802093506,0.17015774548053741,9.749320030212402,-0.09417550265789032,1.1029237508773804
1.1320000000000001,0.5196958780288696,1.0709856748580933,0.16997267305850983,9.738716125488281,-0.09253635257482529,1.1038557291030884
1.1340000000000001,0.5218414068222046,1.0727468729019165,0.1697908192873001,9.728297233581543,-0.09092975407838821,1.1047946214675903
1.1360000000000001,0.5239903926849365,1.0745106935501099,0.1696121096611023,9.718057632446289,-0.08935544639825821,1.1057401895523071
1.1380000000000001,0.526142954826355,1.0762770175933838,0.1694364845752716,9.70799446105957,-0.08781258016824722,1.106688141822815
1.1400000000000001,0.5282990336418152,1.0780456066131592,0.16926388442516327,9.698105812072754,-0.08629864454269409,1.1076266765594482
1.1420000000000001,0.5304586887359619,1.0798133611679077,0.1690942943096161,9.68838882446289,-0.08479352295398712,1.1084308624267578
1.1440000000000001,0.5326218605041504,1.0815786123275757,0.16892772912979126,9.678845405578613,-0.08328438550233841,1.1091490983963013
1.1460000000000001,0.5347885489463806,1.0833438634872437,0.1687641590833664,9.669473648071289,-0.08178818225860596,1.109990119934082
1.1480000000000001,0.5369587540626526,1.0851103067398071,0.16860352456569672,9.660269737243652,-0.0803133025765419,1.110896348953247
1.1500000000000001,0.5391324758529663,1.0868784189224243,0.16844579577445984,9.651232719421387,-0.07886338979005814,1.1118357181549072
1.1520000000000001,0.5413097739219666,1.0886485576629639,0.168290913105011,9.642358779907227,-0.07744034379720688,1.112796425819397
1.154,0.5434906482696533,1.0904208421707153,0.16813883185386658,9.633645057678223,-0.07604455202817917,1.113768219947815
1.156,0.5456750392913818,1.0921952724456787,0.16798947751522064,9.62508773803711,-0.07467609643936157,1.1147488355636597
1.158,0.5478629469871521,1.093971848487854,0.1678428053855896,9.616683959960938,-0.07333461940288544,1.1157352924346924
1.16,0.5500544905662537,1.0957505702972412,0.16769877076148987,9.608430862426758,-0.07201994955539703,1.1167287826538086
1.162,0.552249550819397,1.0975314378738403,0.16755729913711548,9.600325584411621,-0.07073143124580383,1.1177257299423218
1.164,0.5544481873512268,1.0993142127990723,0.16741836071014404,9.592365264892578,-0.06946831941604614,1.1187255382537842
1.166,0.5566503405570984,1.1010990142822266,0.16728191077709198,9.58454704284668,-0.06823050230741501,1.11973237991333
1.168,0.5588561296463013,1.1028857231140137,0.16714787483215332,9.57686710357666,-0.06701736897230148,1.120742678642273
1.17,0.5610654950141907,1.1046743392944336,0.16701622307300568,9.569324493408203,-0.06582812964916229,1.1217551231384277
1.172,0.5632784366607666,1.1064648628234863,0.16688689589500427,9.561914443969727,-0.06466273218393326,1.1227747201919556
1.174,0.565494954586029,1.1082570552825928,0.16675984859466553,9.554635047912598,-0.06352036446332932,1.123795986175537
1.176,0.567715048789978,1.110051155090332,0.16663505136966705,9.547484397888184,-0.06240062788128853,1.124821662902832
1.178,0.5699387192726135,1.111846923828125,0.16651244461536407,9.540459632873535,-0.06130298599600792,1.125850796699524
1.18,0.5721660256385803,1.1136443614959717,0.166391983628273,9.533557891845703,-0.06022721156477928,1.1268852949142456
1.182,0.5743969082832336,1.1154433488845825,0.16627363860607147,9.526777267456055,-0.059172675013542175,1.1279222965240479
1.184,0.5766313672065735,1.117244005203247,0.16615736484527588,9.52011489868164,-0.05813886970281601,1.128962516784668
1.186,0.5788694620132446,1.1190394163131714,0.1660432070493698,9.513574600219727,-0.05707796663045883,1.1296714544296265
1.188,0.5811111330986023,1.1208319664001465,0.16593119502067566,9.507156372070312,-0.056006960570812225,1.1304993629455566
1.19,0.5833563804626465,1.1226240396499634,0.16582131385803223,9.500861167907715,-0.05494166165590286,1.1314408779144287
1.192,0.5856052041053772,1.1244168281555176,0.16571353375911713,9.494685173034668,-0.05388987436890602,1.1324421167373657
1.194,0.5878576636314392,1.1262106895446777,0.16560782492160797,9.488629341125488,-0.05285515636205673,1.133474349975586
1.196,0.590113639831543,1.128006100654602,0.16550414264202118,9.482687950134277,-0.051839083433151245,1.1345241069793701
1.198,0.592373251914978,1.129802942276001,0.16540245711803436,9.476861953735352,-0.05084209516644478,1.1355836391448975
1.2,0.5946364402770996,1.131601333618164,0.16530272364616394,9.471147537231445,-0.04986440762877464,1.1366512775421143
1.202,0.5969032645225525,1.1334012746810913,0.16520491242408752,9.465543746948242,-0.04890568181872368,1.1377230882644653
1.204,0.5991736650466919,1.1352027654647827,0.16510899364948273,9.460047721862793,-0.04796580597758293,1.1388006210327148
1.206,0.6014477014541626,1.1370058059692383,0.16501489281654358,9.454656600952148,-0.047044526785612106,1.1398826837539673
1.208,0.6037253141403198,1.1388102769851685,0.16492260992527008,9.449369430541992,-0.046141207218170166,1.140966534614563
1.21,0.6060065031051636,1.1406134366989136,0.16483214497566223,9.444185256958008,-0.045235857367515564,1.1419153213500977
1.212,0.6082913279533386,1.1424158811569214,0.16474348306655884,9.439105987548828,-0.04433309659361839,1.142899513244629
1.214,0.610579788684845,1.1442186832427979,0.1646565943956375,9.434127807617188,-0.04344075545668602,1.1439425945281982
1.216,0.6128718256950378,1.1460225582122803,0.16457147896289825,9.429250717163086,-0.04256219044327736,1.1450142860412598
1.218,0.615167498588562,1.1478276252746582,0.1644880771636963,9.424471855163574,-0.04169938713312149,1.146105408668518
1.22,0.6174667477607727,1.1496340036392212,0.16440637409687042,9.419791221618652,-0.040852636098861694,1.1472042798995972
1.222,0.6197696328163147,1.1514418125152588,0.16432632505893707,9.415204048156738,-0.04002206400036812,1.1483097076416016
1.224,0.622076153755188,1.153250813484192,0.16424791514873505,9.410712242126465,-0.03920754790306091,1.149419903755188
1.226,0.6243862509727478,1.1550613641738892,0.16417108476161957,9.406310081481934,-0.03840889781713486,1.1505342721939087
1.228,0.6267000436782837,1.156873106956482,0.16409583389759064,9.401998519897461,-0.037625912576913834,1.1516526937484741
1.23,0.6290173530578613,1.158682942390442,0.16402217745780945,9.397777557373047,-0.036834798753261566,1.1526085138320923
1.232,0.631338357925415,1.160489559173584,0.163950115442276,9.393649101257324,-0.036027852445840836,1.15351140499115
1.234,0.6336629390716553,1.1622954607009888,0.16387967765331268,9.389613151550293,-0.03522201627492905,1.1545342206954956
1.236,0.6359911561012268,1.1641018390655518,0.1638108193874359,9.38566780090332,-0.03442523628473282,1.155616283416748
1.238,0.6383229494094849,1.1659091711044312,0.1637435406446457,9.381813049316406,-0.033640846610069275,1.156726360321045
1.24,0.6406583786010742,1.167717695236206,0.16367779672145844,9.378046035766602,-0.03287021815776825,1.1578510999679565
1.242,0.6429974436759949,1.169527530670166,0.16361357271671295,9.374366760253906,-0.0321139395236969,1.1589851379394531
1.244,0.6453400254249573,1.1712719202041626,0.16355174779891968,9.370824813842773,-0.030907494947314262,1.1568464040756226
1.246,0.6476857662200928,1.172874927520752,0.1634943187236786,9.367533683776855,-0.028721285983920097,1.150900959968567
1.248,0.6500343084335327,1.1742799282073975,0.16344398260116577,9.364649772644043,-0.025161420926451683,1.142024278640747
1.25,0.6523855328559875,1.175606369972229,0.16340187191963196,9.362236976623535,-0.021059703081846237,1.138808012008667
1.252,0.6547393202781677,1.1769077777862549,0.16336829960346222,9.360313415527344,-0.01678781397640705,1.1381479501724243
1.254,0.657095730304718,1.1782077550888062,0.16334328055381775,9.358880043029785,-0.012509925290942192,1.1386427879333496
1.256,0.6594547629356384,1.1795166730880737,0.1633266806602478,9.357929229736328,-0.008297571912407875,1.139665961265564
1.258,0.6618164777755737,1.180838942527771,0.16331832110881805,9.357449531555176,-0.004180853720754385,1.140936255455017
1.26,0.6641808152198792,1.1821762323379517,0.1633179783821106,9.357430458068848,-0.0001710353244561702,1.1423248052597046
1.262,0.6665478944778442,1.1835294961929321,0.16332542896270752,9.357857704162598,0.003728108946233988,1.1437796354293823
1.264,0.6689176559448242,1.1848983764648438,0.1633404642343521,9.358718872070312,0.007517265621572733,1.1452689170837402
1.266,0.6712902188301086,1.186282992362976,0.16336286067962646,9.360001564025879,0.01119834091514349,1.1467829942703247
1.268,0.6736655831336975,1.187682867050171,0.16339240968227386,9.361695289611816,0.01477381307631731,1.1483166217803955
1.27,0.6760438084602356,1.1890978813171387,0.1634289026260376,9.363785743713379,0.018246764317154884,1.1498643159866333
1.272,0.6784248352050781,1.1905275583267212,0.16347214579582214,9.366263389587402,0.021619852632284164,1.1514277458190918
1.274,0.6808087825775146,1.1919716596603394,0.1635219305753708,9.369115829467773,0.02489616535604,1.1530027389526367
1.276,0.6831956505775452,1.193429708480835,0.1635780930519104,9.372333526611328,0.028078755363821983,1.1545883417129517
1.278,0.6855854392051697,1.1949015855789185,0.16364043951034546,9.375905990600586,0.031170139089226723,1.1561871767044067
1.28,0.6879782676696777,1.1963869333267212,0.16370877623558044,9.37982177734375,0.034173134714365005,1.1577961444854736
1.282,0.6903740167617798,1.1978813409805298,0.1637830138206482,9.384075164794922,0.037118442356586456,1.159217357635498
1.284,0.6927728056907654,1.1993868350982666,0.16386300325393677,9.388657569885254,0.03999263420701027,1.1607568264007568
1.286,0.6951745748519897,1.2009042501449585,0.16394858062267303,9.393561363220215,0.04279027134180069,1.1623599529266357
1.288,0.6975794434547424,1.2024317979812622,0.16403962671756744,9.398777961730957,0.04552486911416054,1.163893461227417
1.29,0.6999874114990234,1.2039697170257568,0.16413602232933044,9.404300689697266,0.048194825649261475,1.1654614210128784
1.292,0.702398419380188,1.2055189609527588,0.1642376184463501,9.41012191772461,0.05079488456249237,1.167089581489563
1.294,0.7048125863075256,1.207079529762268,0.16434426605701447,9.416232109069824,0.05332372710108757,1.1687506437301636
1.296,0.7072299122810364,1.2086516618728638,0.1644558161497116,9.422623634338379,0.05578196048736572,1.1704308986663818
1.298,0.7096503376960754,1.2102349996566772,0.16457216441631317,9.429289817810059,0.05817103013396263,1.172123908996582
1.3,0.7120740413665771,1.211829423904419,0.16469314694404602,9.436222076416016,0.060492463409900665,1.1738286018371582
1.302,0.714500904083252,1.2134348154067993,0.1648186445236206,9.443411827087402,0.06274843961000443,1.1755397319793701
1.304,0.7169309854507446,1.2150508165359497,0.16494852304458618,9.45085334777832,0.0649406909942627,1.1772598028182983
1.306,0.7193643450737,1.2166774272918701,0.1650826632976532,9.458539009094238,0.06707091629505157,1.1789884567260742
1.308,0.7218009829521179,1.2183140516281128,0.1652209609746933,9.466463088989258,0.06914159655570984,1.1807196140289307
1.31,0.7242408990859985,1.2199608087539673,0.16536326706409454,9.474617004394531,0.07115412503480911,1.1824603080749512
1.312,0.726684033870697,1.2215567827224731,0.16551032662391663,9.48304271697998,0.07353266328573227,1.1812241077423096
1.314,0.7291302680969238,1.2231261730194092,0.16566254198551178,9.491764068603516,0.07610764354467392,1.1811350584030151
1.316,0.7315796613693237,1.2246896028518677,0.16582001745700836,9.500786781311035,0.07873796671628952,1.182022213935852
1.318,0.734032154083252,1.2262567281723022,0.16598272323608398,9.510108947753906,0.08135474473237991,1.1833999156951904
1.32,0.7364879250526428,1.2278794050216675,0.16614992916584015,9.519689559936523,0.08359786123037338,1.1873373985290527
1.322,0.7389469742774963,1.2295364141464233,0.16632115840911865,9.529500007629395,0.08561666309833527,1.1902940273284912
1.324,0.741409420967102,1.2312124967575073,0.1664961874485016,9.539527893066406,0.08751621097326279,1.1925559043884277
1.326,0.7438752055168152,1.232901692390442,0.16667486727237701,9.549765586853027,0.0893392339348793,1.1945449113845825
1.328,0.7463443875312805,1.2346014976501465,0.16685707867145538,9.560205459594727,0.09110311418771744,1.1964325904846191
1.33,0.7488170266151428,1.2363109588623047,0.16704270243644714,9.570841789245605,0.09281567484140396,1.1982831954956055
1.332,0.7512931227684021,1.2380293607711792,0.16723166406154633,9.58166790008545,0.09448087960481644,1.2001224756240845
1.334,0.7537726163864136,1.239756464958191,0.16742387413978577,9.592680931091309,0.09610135853290558,1.2019591331481934
1.336,0.756255567073822,1.2414921522140503,0.1676192283630371,9.603874206542969,0.09767863899469376,1.2038002014160156
1.338,0.758742094039917,1.2432361841201782,0.16781765222549438,9.615242958068848,0.09921415150165558,1.20564603805542
1.34,0.7612320184707642,1.244988203048706,0.16801907122135162,9.62678337097168,0.10070975124835968,1.2074933052062988
1.342,0.7637255191802979,1.246748447418213,0.16822341084480286,9.638490676879883,0.10216611623764038,1.2093498706817627
1.344,0.7662225961685181,1.2485164403915405,0.16843058168888092,9.650361061096191,0.103584885597229,1.2112085819244385
1.346,0.7687231302261353,1.250292181968689,0.16864050924777985,9.662388801574707,0.10496696829795837,1.2130743265151978
1.348,0.7712273001670837,1.2520755529403687,0.16885313391685486,9.67457103729248,0.10631358623504639,1.21494460105896
1.35,0.7737350463867188,1.2538663148880005,0.16906839609146118,9.686904907226562,0.10762577503919601,1.2168203592300415
1.352,0.7762463688850403,1.2556644678115845,0.16928620636463165,9.699384689331055,0.10890483856201172,1.2186994552612305
1.354,0.7787613272666931,1.257469892501831,0.1695065051317215,9.712006568908691,0.11015156656503677,1.2205852270126343
1.356,0.7812798619270325,1.2592824697494507,0.16972923278808594,9.72476863861084,0.11136718839406967,1.2224743366241455
1.358,0.7838020920753479,1.2611019611358643,0.1699543446302414,9.737666130065918,0.11255235224962234,1.2243704795837402
1.36,0.7863280177116394,1.2629660367965698,0.17018122971057892,9.750665664672852,0.11344603449106216,1.228125810623169
1.362,0.7888578176498413,1.2649110555648804,0.17040883004665375,9.76370620727539,0.11379455029964447,1.2337315082550049
1.364,0.7913916707038879,1.2669087648391724,0.17063641548156738,9.776745796203613,0.11379558593034744,1.2380321025848389
1.366,0.7939296960830688,1.2690098285675049,0.1708626002073288,9.789705276489258,0.11309608072042465,1.2448912858963013
1.368,0.796472430229187,1.271385669708252,0.17108361423015594,9.8023681640625,0.1105021983385086,1.2603193521499634
1.37,0.7990200519561768,1.2738145589828491,0.17129872739315033,9.814693450927734,0.10755861550569534,1.2651151418685913
1.372,0.8015726208686829,1.2762773036956787,0.17150752246379852,9.826656341552734,0.10439793020486832,1.2690120935440063
1.374,0.8041306734085083,1.2790307998657227,0.17170599102973938,9.838027954101562,0.09923111647367477,1.2855987548828125
1.3760000000000001,0.8066943287849426,1.2818191051483154,0.1718936711549759,9.84878158569336,0.09384015202522278,1.289872169494629
1.3780000000000001,0.8092640042304993,1.2848514318466187,0.17206719517707825,9.858723640441895,0.0867680236697197,1.3044726848602295
1.3800000000000001,0.8118398785591125,1.2879228591918945,0.17222608625888824,9.867827415466309,0.0794394388794899,1.3092217445373535
1.3820000000000001,0.8144218325614929,1.2909719944000244,0.17237064242362976,9.876110076904297,0.07228277623653412,1.310933232307434
1.3840000000000001,0.8170098066329956,1.2939831018447876,0.17250145971775055,9.883605003356934,0.06540539115667343,1.3118104934692383
1.3860000000000001,0.819603681564331,1.2969530820846558,0.17261910438537598,9.890345573425293,0.05882682651281357,1.3124604225158691
1.3880000000000001,0.8222034573554993,1.299882411956787,0.17272420227527618,9.896367073059082,0.05254282057285309,1.3130511045455933
1.3900000000000001,0.824809193611145,1.3028669357299805,0.1728159636259079,9.90162467956543,0.045884713530540466,1.3182952404022217
1.3920000000000001,0.8274208903312683,1.3058587312698364,0.17289432883262634,9.90611457824707,0.03918476775288582,1.3212106227874756
1.3940000000000001,0.8300389051437378,1.308997631072998,0.17295727133750916,9.909721374511719,0.03146819397807121,1.331005573272705
1.3960000000000001,0.8326634764671326,1.3122903108596802,0.17300264537334442,9.912321090698242,0.022687021642923355,1.3412703275680542
1.3980000000000001,0.8352948427200317,1.3156737089157104,0.17302919924259186,9.91384220123291,0.01327983383089304,1.3485568761825562
1.4000000000000001,0.8379329442977905,1.3190566301345825,0.17303696274757385,9.914287567138672,0.0038801911287009716,1.3514041900634766
1.4020000000000001,0.8405777215957642,1.322400689125061,0.17302647233009338,9.91368579864502,-0.0052461521700024605,1.3523123264312744
1.4040000000000001,0.8432291150093079,1.325682282447815,0.1729986071586609,9.912089347839355,-0.013937090523540974,1.3519734144210815
1.4060000000000001,0.8458868861198425,1.3288962841033936,0.1729542762041092,9.909549713134766,-0.022158557549118996,1.3512712717056274
1.408,0.8485509753227234,1.3320435285568237,0.1728944480419159,9.906121253967285,-0.029917117208242416,1.350492000579834
1.41,0.85122150182724,1.3352497816085815,0.17281825840473175,9.901756286621094,-0.03809184581041336,1.3558251857757568
1.412,0.8538984060287476,1.3384534120559692,0.17272575199604034,9.896455764770508,-0.04625311493873596,1.3581407070159912
1.414,0.8565815687179565,1.3415955305099487,0.17261776328086853,9.890268325805664,-0.05399435758590698,1.357529640197754
1.416,0.8592709302902222,1.3446729183197021,0.17249518632888794,9.883245468139648,-0.0612926185131073,1.3566453456878662
1.418,0.8619663119316101,1.3476884365081787,0.17235884070396423,9.875433921813965,-0.0681699812412262,1.3558064699172974
1.42,0.8646675944328308,1.3506449460983276,0.17220954596996307,9.8668794631958,-0.07464820891618729,1.3550175428390503
1.422,0.8673749566078186,1.3536882400512695,0.17204606533050537,9.857512474060059,-0.0817440077662468,1.361335277557373
1.424,0.8700884580612183,1.3567543029785156,0.17186804115772247,9.847312927246094,-0.08901234716176987,1.364569067955017
1.426,0.872808039188385,1.359780192375183,0.17167600989341736,9.836310386657715,-0.09601541608572006,1.3646941184997559
1.428,0.8755335211753845,1.3627514839172363,0.17147070169448853,9.824546813964844,-0.10265383124351501,1.3640360832214355
1.43,0.8782650232315063,1.3657355308532715,0.17125189304351807,9.812009811401367,-0.10939875990152359,1.3666225671768188
1.432,0.8810024857521057,1.3687223196029663,0.1710195392370224,9.798697471618652,-0.1161821186542511,1.368712067604065
1.434,0.8837457895278931,1.371665596961975,0.1707741767168045,9.784639358520508,-0.12268110364675522,1.3684890270233154
1.436,0.8864949345588684,1.374564290046692,0.17051638662815094,9.769868850708008,-0.12889042496681213,1.368149757385254
1.438,0.8892502188682556,1.377651333808899,0.1702435314655304,9.75423526763916,-0.13643325865268707,1.3792250156402588
1.44,0.8920117020606995,1.3807450532913208,0.16995543241500854,9.737728118896484,-0.1440454125404358,1.3815350532531738
1.442,0.8947792649269104,1.3837894201278687,0.1696527600288391,9.720386505126953,-0.15133778750896454,1.3810633420944214
1.444,0.8975528478622437,1.3867697715759277,0.16933634877204895,9.70225715637207,-0.15820880234241486,1.3797821998596191
1.446,0.9003322124481201,1.3896840810775757,0.1690070480108261,9.683389663696289,-0.16464562714099884,1.3783060312271118
1.448,0.9031171798706055,1.3925046920776367,0.16866613924503326,9.663857460021973,-0.17045824229717255,1.3753821849822998
1.45,0.9059076905250549,1.3952523469924927,0.16831454634666443,9.643712997436523,-0.17579130828380585,1.373350739479065
1.452,0.908703625202179,1.3979419469833374,0.16795305907726288,9.623001098632812,-0.1807493269443512,1.371955156326294
1.454,0.9115047454833984,1.4005799293518066,0.16758228838443756,9.601757049560547,-0.18537844717502594,1.3708020448684692
1.456,0.9143111109733582,1.4031697511672974,0.167202889919281,9.580018997192383,-0.18970493972301483,1.3697607517242432
1.458,0.9171225428581238,1.4057146310806274,0.166815385222435,9.557817459106445,-0.19374987483024597,1.368800163269043
1.46,0.9199392199516296,1.4083482027053833,0.16641849279403687,9.535077095031738,-0.19844534993171692,1.3743641376495361
1.462,0.9227614998817444,1.4111307859420776,0.1660100668668747,9.511675834655762,-0.20421305298805237,1.3829935789108276
1.464,0.925589382648468,1.4139606952667236,0.16558937728405,9.487571716308594,-0.21034389734268188,1.3867614269256592
1.466,0.9284229278564453,1.4167594909667969,0.1651567965745926,9.462786674499512,-0.2162918597459793,1.38670015335083
1.468,0.9312619566917419,1.4195066690444946,0.16471296548843384,9.437356948852539,-0.22191663086414337,1.385587215423584
1.47,0.9341063499450684,1.4221972227096558,0.16425859928131104,9.411323547363281,-0.22718390822410583,1.3841499090194702
1.472,0.936955988407135,1.4248316287994385,0.1637943983078003,9.384727478027344,-0.23209722340106964,1.3826525211334229
1.474,0.9398108124732971,1.4274121522903442,0.16332104802131653,9.357605934143066,-0.23667363822460175,1.3811931610107422
1.476,0.9426707029342651,1.4299416542053223,0.16283918917179108,9.329998016357422,-0.24093428254127502,1.379805564880371
1.478,0.9455355405807495,1.4324229955673218,0.1623493880033493,9.301934242248535,-0.2448996603488922,1.3784908056259155
1.48,0.9484052658081055,1.4348589181900024,0.16185221076011658,9.27344799041748,-0.24858969449996948,1.377249836921692
1.482,0.9512797594070435,1.4372520446777344,0.1613481640815735,9.24456787109375,-0.25202319025993347,1.3760794401168823
1.484,0.9541589617729187,1.4396048784255981,0.16083772480487823,9.215322494506836,-0.2552184462547302,1.3749804496765137
1.486,0.9570428133010864,1.4419196844100952,0.16032133996486664,9.185735702514648,-0.2581917345523834,1.3739432096481323
1.488,0.9599311947822571,1.4441986083984375,0.15979942679405212,9.155832290649414,-0.26095759868621826,1.3729586601257324
1.49,0.9628241062164307,1.4464435577392578,0.15927235782146454,9.125633239746094,-0.26353156566619873,1.3720378875732422
1.492,0.9657214283943176,1.4486565589904785,0.15874050557613373,9.095160484313965,-0.2659263610839844,1.3711637258529663
1.494,0.9686231017112732,1.4508392810821533,0.15820419788360596,9.064432144165039,-0.2681550681591034,1.3703418970108032
1.496,0.9715290665626526,1.452993392944336,0.1576637476682663,9.033467292785645,-0.2702290117740631,1.369563102722168
1.498,0.9744393229484558,1.4551202058792114,0.15711942315101624,9.002279281616211,-0.27215832471847534,1.3688209056854248
1.5,0.9773537516593933,1.457221269607544,0.15657152235507965,8.970887184143066,-0.2739538252353668,1.3681225776672363
1.502,0.9802723526954651,1.4592978954315186,0.15602026879787445,8.939302444458008,-0.2756245732307434,1.3674579858779907
1.504,0.9831950664520264,1.4613511562347412,0.15546591579914093,8.907540321350098,-0.27717870473861694,1.366822600364685
1.506,0.9861218333244324,1.463382363319397,0.1549086570739746,8.875611305236816,-0.2786256968975067,1.366227388381958
1.508,0.9890525937080383,1.4653924703598022,0.1543487161397934,8.84352970123291,-0.2799721360206604,1.3656535148620605
1.51,0.9919873476028442,1.4673676490783691,0.15378648042678833,8.811315536499023,-0.2811208963394165,1.3643746376037598
1.512,0.9949259161949158,1.4692878723144531,0.15322260558605194,8.779007911682129,-0.2819347381591797,1.362093210220337
1.514,0.9978682994842529,1.471181035041809,0.1526573896408081,8.746623992919922,-0.2826061546802521,1.3611059188842773
1.516,1.000814437866211,1.4730639457702637,0.1520908772945404,8.714164733886719,-0.2832534909248352,1.3609228134155273
1.518,1.003764271736145,1.4749491214752197,0.1515229493379593,8.681625366210938,-0.2839643657207489,1.3613473176956177
1.52,1.0067179203033447,1.4768258333206177,0.15095363557338715,8.649005889892578,-0.28466275334358215,1.3612436056137085
1.522,1.00967538356781,1.4786863327026367,0.15038304030895233,8.616312980651855,-0.2852950990200043,1.3607572317123413
1.524,1.0126363039016724,1.480465292930603,0.1498122215270996,8.58360767364502,-0.285407155752182,1.3570696115493774
1.526,1.0156006813049316,1.482216238975525,0.14924147725105286,8.55090618133545,-0.2853705883026123,1.355903148651123
1.528,1.0185686349868774,1.483954668045044,0.14867089688777924,8.518214225769043,-0.28529515862464905,1.3554812669754028
1.53,1.0215399265289307,1.4856853485107422,0.14810046553611755,8.485530853271484,-0.28521308302879333,1.3552780151367188
1.532,1.0245147943496704,1.4874014854431152,0.14753031730651855,8.452863693237305,-0.28507599234580994,1.3547334671020508
1.534,1.027492880821228,1.4890741109848022,0.14696094393730164,8.420241355895996,-0.28468382358551025,1.3527774810791016
1.536,1.0304744243621826,1.4907336235046387,0.14639244973659515,8.38766860961914,-0.2842468321323395,1.3522530794143677
1.538,1.033459186553955,1.4923878908157349,0.14582481980323792,8.355146408081055,-0.28382086753845215,1.352112889289856
1.54,1.036447286605835,1.4940388202667236,0.14525797963142395,8.32266902923584,-0.28341785073280334,1.352057933807373
1.542,1.0394386053085327,1.4956865310668945,0.14469189941883087,8.290234565734863,-0.2830396294593811,1.3520187139511108
1.544,1.042433261871338,1.4973310232162476,0.1441265195608139,8.257841110229492,-0.2826858460903168,1.3519799709320068
1.546,1.0454312562942505,1.4989722967147827,0.14356181025505066,8.225485801696777,-0.28235551714897156,1.351937174797058
1.548,1.048432469367981,1.500610113143921,0.14299772679805756,8.19316577911377,-0.28204742074012756,1.351887583732605
1.55,1.0514369010925293,1.5022449493408203,0.14243419468402863,8.16087818145752,-0.28176575899124146,1.3518692255020142
1.552,1.054444670677185,1.5038803815841675,0.1418711245059967,8.128616333007812,-0.2815335988998413,1.3520138263702393
1.554,1.0574556589126587,1.505478024482727,0.1413089483976364,8.096405982971191,-0.2810852527618408,1.3503069877624512
1.556,1.0604697465896606,1.5070565938949585,0.14074786007404327,8.064257621765137,-0.28054922819137573,1.3494620323181152
1.558,1.0634870529174805,1.5086287260055542,0.1401878297328949,8.032170295715332,-0.28001514077186584,1.3492283821105957
1.56,1.0665074586868286,1.5101979970932007,0.1396288126707077,8.000141143798828,-0.27950724959373474,1.349163293838501
1.562,1.069530963897705,1.5117653608322144,0.13907074928283691,7.968166351318359,-0.2790311574935913,1.3491401672363281
1.564,1.0725575685501099,1.5133305788040161,0.13851356506347656,7.93624210357666,-0.27858659625053406,1.349118709564209
1.566,1.0755873918533325,1.514877438545227,0.13795745372772217,7.904379367828369,-0.2780592441558838,1.3483023643493652
1.568,1.078620195388794,1.516406774520874,0.13740254938602448,7.872585773468018,-0.2774554491043091,1.34751558303833
1.57,1.0816560983657837,1.5179309844970703,0.1368488222360611,7.840859413146973,-0.2768615484237671,1.3473179340362549
1.572,1.0846949815750122,1.5194531679153442,0.13629622757434845,7.809198379516602,-0.2762988209724426,1.3472692966461182
1.574,1.0877368450164795,1.5209739208221436,0.13574467599391937,7.777596473693848,-0.27577197551727295,1.3472568988800049
1.576,1.0907819271087646,1.5224931240081787,0.13519412279129028,7.746052265167236,-0.2752789855003357,1.3472342491149902
1.578,1.093829870223999,1.5240107774734497,0.13464447855949402,7.714560031890869,-0.2748202383518219,1.3472180366516113
1.58,1.0968809127807617,1.5255262851715088,0.134095698595047,7.683117389678955,-0.27439117431640625,1.347172737121582
1.582,1.0999350547790527,1.5270395278930664,0.13354770839214325,7.651719570159912,-0.27399182319641113,1.347130298614502
1.584,1.102992057800293,1.5285353660583496,0.1330006867647171,7.620377540588379,-0.2735157608985901,1.3463486433029175
1.586,1.1060521602630615,1.5300185680389404,0.13245469331741333,7.589094638824463,-0.2729966342449188,1.3457868099212646
1.588,1.1091150045394897,1.5314494371414185,0.13191036880016327,7.5579071044921875,-0.2721579372882843,1.3432914018630981
1.59,1.1121808290481567,1.5328631401062012,0.13136789202690125,7.526825428009033,-0.2712439000606537,1.3424456119537354
1.592,1.1152492761611938,1.5342739820480347,0.1308271735906601,7.49584436416626,-0.27035441994667053,1.3422839641571045
1.594,1.1183207035064697,1.535697102546692,0.1302879899740219,7.464951515197754,-0.2695949673652649,1.3428603410720825
1.596,1.1213949918746948,1.537125587463379,0.12975014746189117,7.434135437011719,-0.2689165472984314,1.3431156873703003
1.598,1.1244720220565796,1.5385297536849976,0.12921392917633057,7.403412342071533,-0.26811307668685913,1.341949462890625
1.6,1.1275519132614136,1.5399223566055298,0.12867937982082367,7.3727850914001465,-0.2672731876373291,1.3413794040679932
1.602,1.1306345462799072,1.5413130521774292,0.1281464546918869,7.342250823974609,-0.26646432280540466,1.3412727117538452
1.604,1.1337199211120605,1.5427045822143555,0.1276150494813919,7.311803340911865,-0.26570403575897217,1.3412926197052002
1.606,1.136808156967163,1.5440971851348877,0.12708505988121033,7.281437397003174,-0.2649952471256256,1.341339349746704
1.608,1.1398991346359253,1.5454909801483154,0.1265563815832138,7.25114631652832,-0.26433733105659485,1.3413894176483154
1.61,1.1429928541183472,1.5468852519989014,0.12602892518043518,7.220925331115723,-0.2637265622615814,1.3414199352264404
1.612,1.1460894346237183,1.5482794046401978,0.1255026012659073,7.190769195556641,-0.26315873861312866,1.3414273262023926
1.614,1.149188756942749,1.549673318862915,0.12497734278440475,7.160674095153809,-0.2626315951347351,1.3414238691329956
1.616,1.1522908210754395,1.551049828529358,0.12445329129695892,7.130648136138916,-0.26202625036239624,1.3405992984771729
1.618,1.155395746231079,1.552467703819275,0.12392979115247726,7.100653648376465,-0.26175162196159363,1.3425995111465454
1.62,1.1585036516189575,1.5538995265960693,0.1234065592288971,7.070674419403076,-0.26161694526672363,1.3433241844177246
1.622,1.1616142988204956,1.5553337335586548,0.12288346886634827,7.040703773498535,-0.2615423798561096,1.3435124158859253
1.624,1.164727807044983,1.5567654371261597,0.12236049026250839,7.010739326477051,-0.261491984128952,1.3434560298919678
1.6260000000000001,1.1678441762924194,1.5581926107406616,0.12183757871389389,6.980778694152832,-0.26145294308662415,1.343309760093689
1.6280000000000001,1.1709634065628052,1.5596141815185547,0.12131474167108536,6.950822353363037,-0.2614181935787201,1.3431118726730347
1.6300000000000001,1.1740854978561401,1.5610299110412598,0.1207919716835022,6.920869827270508,-0.26138487458229065,1.3428900241851807
1.6320000000000001,1.1772103309631348,1.5624395608901978,0.12026926875114441,6.890921115875244,-0.261352002620697,1.3426570892333984
1.6340000000000001,1.1803380250930786,1.5638431310653687,0.119746632874012,6.860976219177246,-0.2613195776939392,1.3424196243286133
1.6360000000000001,1.1834684610366821,1.5652403831481934,0.11922405660152435,6.8310346603393555,-0.26128578186035156,1.342165231704712
1.6380000000000001,1.1866017580032349,1.5666310787200928,0.11870156228542328,6.801098346710205,-0.26124927401542664,1.3418971300125122
1.6400000000000001,1.1897377967834473,1.5680155754089355,0.11817913502454758,6.771165370941162,-0.26121199131011963,1.3416372537612915
1.6420000000000001,1.1928765773773193,1.569371223449707,0.11765710264444351,6.741254806518555,-0.2610161602497101,1.3402806520462036
1.6440000000000001,1.1960172653198242,1.5703426599502563,0.11714073270559311,6.711669445037842,-0.2581879496574402,1.3217649459838867
1.6460000000000001,1.1991595029830933,1.5711524486541748,0.11663217842578888,6.682531356811523,-0.2542766332626343,1.313578486442566
1.6480000000000001,1.2023032903671265,1.5719058513641357,0.11613214761018753,6.653881549835205,-0.2500145435333252,1.3103114366531372
1.6500000000000001,1.2054486274719238,1.5726515054702759,0.11564067006111145,6.6257219314575195,-0.24574019014835358,1.309353232383728
1.6520000000000001,1.2085955142974854,1.5734132528305054,0.11515742540359497,6.598033905029297,-0.24161884188652039,1.309556245803833
1.6540000000000001,1.2117438316345215,1.574201226234436,0.11468198895454407,6.570793628692627,-0.2377200424671173,1.3102830648422241
1.6560000000000001,1.2148938179016113,1.574994683265686,0.11421418935060501,6.543990612030029,-0.23389819264411926,1.3100539445877075
1.6580000000000001,1.2180454730987549,1.5758055448532104,0.11375372111797333,6.517607688903809,-0.23023678362369537,1.3104307651519775
1.6600000000000001,1.2211987972259521,1.5766383409500122,0.11330018192529678,6.491621971130371,-0.22676685452461243,1.311061978340149
1.6620000000000001,1.2243537902832031,1.5774941444396973,0.11285319924354553,6.4660115242004395,-0.22349366545677185,1.3117731809616089
1.6640000000000001,1.2275104522705078,1.5783723592758179,0.11241237074136734,6.440753936767578,-0.2204137146472931,1.3125032186508179
1.666,1.2306690216064453,1.579271912574768,0.11197733134031296,6.415828227996826,-0.21751849353313446,1.313215732574463
1.668,1.233829379081726,1.5801913738250732,0.11154773831367493,6.391214370727539,-0.2147979885339737,1.3138978481292725
1.67,1.2369916439056396,1.581129550933838,0.11112324893474579,6.3668928146362305,-0.2122427225112915,1.314550757408142
1.672,1.240155816078186,1.58208429813385,0.11070358008146286,6.3428473472595215,-0.2098376750946045,1.3151336908340454
1.674,1.2433218955993652,1.5830274820327759,0.11028880625963211,6.319082736968994,-0.20738622546195984,1.3143889904022217
1.676,1.2464898824691772,1.5839747190475464,0.10987880825996399,6.295591831207275,-0.20499685406684875,1.3143938779830933
1.678,1.2496596574783325,1.5849323272705078,0.10947338491678238,6.27236270904541,-0.2027139812707901,1.3147227764129639
1.68,1.2528314590454102,1.585862636566162,0.10907283425331116,6.249412536621094,-0.20027390122413635,1.31325364112854
1.682,1.2560043334960938,1.5864198207855225,0.1086822971701622,6.227036476135254,-0.19526776671409607,1.2951349020004272
1.684,1.259177803993225,1.5867904424667358,0.10830430686473846,6.205379486083984,-0.18899469077587128,1.285609483718872
1.686,1.2623519897460938,1.5870782136917114,0.1079399585723877,6.184503555297852,-0.18217585980892181,1.280895471572876
1.688,1.2655266523361206,1.587340235710144,0.10758954286575317,6.164426326751709,-0.1752079427242279,1.2788671255111694
1.69,1.2687019109725952,1.5876073837280273,0.10725293308496475,6.145140171051025,-0.16830496490001678,1.2783255577087402
1.692,1.271877646446228,1.5878961086273193,0.10692977160215378,6.12662410736084,-0.16157986223697662,1.2786054611206055
1.694,1.2750542163848877,1.5882335901260376,0.10661932826042175,6.108837127685547,-0.15522174537181854,1.280248761177063
1.696,1.2782315015792847,1.5886447429656982,0.10632052272558212,6.091716766357422,-0.1494017094373703,1.2831579446792603
1.698,1.281409740447998,1.5891116857528687,0.10603253543376923,6.075216293334961,-0.14399445056915283,1.2853116989135742
1.7,1.2845889329910278,1.5896234512329102,0.10575468838214874,6.05929708480835,-0.13892382383346558,1.2870268821716309
1.702,1.2877693176269531,1.5901732444763184,0.10548640787601471,6.043925762176514,-0.13414116203784943,1.2884798049926758
1.704,1.2909507751464844,1.5907567739486694,0.10522717982530594,6.0290727615356445,-0.12961462140083313,1.2897770404815674
1.706,1.2941335439682007,1.591370701789856,0.10497653484344482,6.014711856842041,-0.12532147765159607,1.2909753322601318
1.708,1.2973175048828125,1.592012882232666,0.10473404824733734,6.000818729400635,-0.12124472111463547,1.2921093702316284
1.71,1.300502896308899,1.5926811695098877,0.10449930280447006,5.987368583679199,-0.11737069487571716,1.2931984663009644
1.712,1.30368971824646,1.5933741331100464,0.10427192598581314,5.974340915679932,-0.1136871725320816,1.294249415397644
1.714,1.306877851486206,1.594090461730957,0.10405156016349792,5.961714744567871,-0.11018425971269608,1.2952754497528076
1.716,1.3100675344467163,1.5948233604431152,0.10383792966604233,5.949474811553955,-0.1068151518702507,1.2960197925567627
1.718,1.3132585287094116,1.5955431461334229,0.10363118350505829,5.937629222869873,-0.10337243229150772,1.2953672409057617
1.72,1.316451072692871,1.5962460041046143,0.10343153029680252,5.92618989944458,-0.09982788562774658,1.294521689414978
1.722,1.319644808769226,1.596871256828308,0.1032400131225586,5.91521692276001,-0.09575915336608887,1.2907625436782837
1.724,1.322839617729187,1.5974255800247192,0.10305758565664291,5.904764175415039,-0.09121234714984894,1.2872562408447266
1.726,1.326035499572754,1.5979421138763428,0.10288475453853607,5.894861698150635,-0.08641716837882996,1.285278081893921
1.728,1.3292324542999268,1.5984529256820679,0.10272155702114105,5.88551139831543,-0.08159659057855606,1.2848186492919922
1.73,1.332430362701416,1.5989713668823242,0.1025678738951683,5.876706123352051,-0.07684168964624405,1.285003900527954
1.732,1.3356293439865112,1.5994640588760376,0.10242403298616409,5.868464469909668,-0.07192012667655945,1.2836189270019531
1.734,1.3388292789459229,1.5999505519866943,0.10229010134935379,5.860790729522705,-0.06696777045726776,1.2831658124923706
1.736,1.3420300483703613,1.6004211902618408,0.10216626524925232,5.853695392608643,-0.0619158111512661,1.2822554111480713
1.738,1.3452317714691162,1.6008665561676025,0.10205287486314774,5.847198486328125,-0.05669731646776199,1.280890703201294
1.74,1.3484344482421875,1.6013065576553345,0.10194997489452362,5.841302871704102,-0.05145081505179405,1.2804776430130005
1.742,1.3516379594802856,1.6017537117004395,0.10185744613409042,5.836001396179199,-0.046262841671705246,1.2806798219680786
1.744,1.3548423051834106,1.6022158861160278,0.10177507251501083,5.831281661987305,-0.041187386959791183,1.2812862396240234
1.746,1.3580477237701416,1.6026978492736816,0.10170255601406097,5.827126979827881,-0.03625631704926491,1.2821521759033203
1.748,1.3612542152404785,1.603202223777771,0.10163958370685577,5.823518753051758,-0.03148746117949486,1.2831852436065674
1.75,1.3644616603851318,1.60373055934906,0.10158580541610718,5.820437431335449,-0.02688959799706936,1.2843250036239624
1.752,1.3676701784133911,1.6042759418487549,0.10154097527265549,5.817869186401367,-0.02241547219455242,1.2851859331130981
1.754,1.3708797693252563,1.604821801185608,0.10150507837533951,5.815812110900879,-0.017949018627405167,1.2852860689163208
1.756,1.3740904331207275,1.6052972078323364,0.10147909075021744,5.814323425292969,-0.012994111515581608,1.2819892168045044
1.758,1.3773019313812256,1.6057339906692505,0.10146354138851166,5.813432216644287,-0.0077724214643239975,1.2801653146743774
1.76,1.380514144897461,1.606153964996338,0.10145867615938187,5.8131537437438965,-0.00243514496833086,1.279365062713623
1.762,1.3837273120880127,1.6065720319747925,0.10146450251340866,5.813487529754639,0.0029153909999877214,1.2792761325836182
1.764,1.3869413137435913,1.606998085975647,0.10148092359304428,5.814428329467773,0.008211090229451656,1.2796788215637207
1.766,1.3901561498641968,1.607438564300537,0.10150773823261261,5.815964698791504,0.013406856916844845,1.2804250717163086
1.768,1.3933719396591187,1.6078978776931763,0.10154468566179276,5.818081378936768,0.01847398281097412,1.2814085483551025
1.77,1.3965888023376465,1.608378529548645,0.10159147530794144,5.820762634277344,0.023395098745822906,1.2825549840927124
1.772,1.3998064994812012,1.608882188796997,0.10164780169725418,5.8239898681640625,0.028160151094198227,1.2838159799575806
1.774,1.4030253887176514,1.6094123125076294,0.10171329230070114,5.827742099761963,0.032745569944381714,1.285285472869873
1.776,1.4062453508377075,1.609974980354309,0.1017875075340271,5.83199405670166,0.037109922617673874,1.2870893478393555
1.778,1.4094663858413696,1.6105666160583496,0.10187006741762161,5.836724758148193,0.0412784144282341,1.2887738943099976
1.78,1.4126887321472168,1.611156702041626,0.10196099430322647,5.8419342041015625,0.045464888215065,1.2890346050262451
1.782,1.4159122705459595,1.6117527484893799,0.1020602285861969,5.847620010375977,0.04961656033992767,1.2896751165390015
1.784,1.4191370010375977,1.6123601198196411,0.10216762125492096,5.85377311706543,0.05369807034730911,1.290583610534668
1.786,1.4223629236221313,1.612982153892517,0.10228300094604492,5.860383987426758,0.05768631398677826,1.291680932044983
1.788,1.42559015750885,1.6136209964752197,0.10240612924098969,5.867438793182373,0.061566900461912155,1.2929103374481201
1.79,1.428818702697754,1.614277958869934,0.10253679752349854,5.87492561340332,0.06533154100179672,1.2942315340042114
1.792,1.4320486783981323,1.6149537563323975,0.10267474502325058,5.882829189300537,0.06897564232349396,1.2956199645996094
1.794,1.4352799654006958,1.615648627281189,0.10281974077224731,5.891136646270752,0.07249803096055984,1.2970521450042725
1.796,1.4385126829147339,1.6163626909255981,0.10297153890132904,5.899834156036377,0.0758989080786705,1.2985183000564575
1.798,1.4417468309402466,1.6170958280563354,0.10312990099191666,5.908907890319824,0.07917994260787964,1.3000078201293945
1.8,1.4449825286865234,1.6178474426269531,0.10329458862543106,5.918343544006348,0.0823446735739708,1.3015069961547852
1.802,1.4482197761535645,1.618617296218872,0.10346537828445435,5.928129196166992,0.08539581298828125,1.3030204772949219
1.804,1.4514585733413696,1.6194051504135132,0.1036420539021492,5.938251972198486,0.08833646029233932,1.3045446872711182
1.806,1.4546990394592285,1.6202104091644287,0.10382439196109772,5.948698997497559,0.09116978198289871,1.3060781955718994
1.808,1.4579410552978516,1.62103271484375,0.10401219129562378,5.95945930480957,0.09389953315258026,1.307616114616394
1.81,1.4611848592758179,1.6218715906143188,0.10420525074005127,5.970520973205566,0.0965290442109108,1.3091602325439453
1.812,1.464430332183838,1.6227490901947021,0.1044030636548996,5.981854438781738,0.09890592843294144,1.3117831945419312
1.814,1.4676775932312012,1.6236597299575806,0.10460519790649414,5.993435859680176,0.10106851905584335,1.3141930103302002
1.816,1.4709268808364868,1.624594807624817,0.10481135547161102,6.005248069763184,0.10307687520980835,1.3162328004837036
1.818,1.4741779565811157,1.625548243522644,0.10502130538225174,6.017277240753174,0.10497507452964783,1.3180023431777954
1.82,1.4774309396743774,1.6265170574188232,0.10523486882448196,6.029513359069824,0.106782928109169,1.3196618556976318
1.822,1.4806859493255615,1.6274994611740112,0.10545189678668976,6.041948318481445,0.10851387679576874,1.3212515115737915
1.824,1.483942985534668,1.6284886598587036,0.10567232966423035,6.0545783042907715,0.11021491140127182,1.3225377798080444
1.826,1.4872019290924072,1.629481315612793,0.10589614510536194,6.067401885986328,0.11191007494926453,1.3236712217330933
1.828,1.4904627799987793,1.6304588317871094,0.10612360388040543,6.080434322357178,0.11372964084148407,1.3239154815673828
1.83,1.4937256574630737,1.631430745124817,0.10635481774806976,6.093681812286377,0.11560649424791336,1.3246123790740967
1.832,1.496990442276001,1.6324032545089722,0.10658981651067734,6.107146263122559,0.11749811470508575,1.3256032466888428
1.834,1.5002572536468506,1.6333802938461304,0.10682857036590576,6.12082576751709,0.11937781423330307,1.3267858028411865
1.836,1.503525972366333,1.634364128112793,0.10707102715969086,6.1347174644470215,0.12122923880815506,1.3280930519104004
1.838,1.5067967176437378,1.6353564262390137,0.10731711238622665,6.14881706237793,0.1230422630906105,1.329484462738037
1.84,1.5100693702697754,1.6363579034805298,0.10756673663854599,6.163119792938232,0.12481117248535156,1.3309311866760254
1.842,1.513344168663025,1.6373745203018188,0.10781972855329514,6.177615165710449,0.12649516761302948,1.3326759338378906
1.844,1.5166209936141968,1.6384392976760864,0.10807545483112335,6.192266941070557,0.12786409258842468,1.3360320329666138
1.846,1.5199000835418701,1.6395384073257446,0.10833348333835602,6.207050800323486,0.1290159672498703,1.3387690782546997
1.848,1.523181438446045,1.6406621932983398,0.10859351605176926,6.221949577331543,0.13001622259616852,1.341095209121704
1.85,1.5264650583267212,1.641804575920105,0.10885533690452576,6.236950874328613,0.13090874254703522,1.3431482315063477
1.852,1.529750943183899,1.6429612636566162,0.10911878198385239,6.252045154571533,0.1317228525876999,1.3450210094451904
1.854,1.5330392122268677,1.6441293954849243,0.10938373953104019,6.267226219177246,0.13247819244861603,1.3467754125595093
1.856,1.536329984664917,1.6453989744186401,0.10964883863925934,6.282415390014648,0.1325499713420868,1.352858543395996
1.858,1.539623498916626,1.6467640399932861,0.10991279035806656,6.297538757324219,0.1319776177406311,1.3587791919708252
1.86,1.5429198741912842,1.6481910943984985,0.11017478257417679,6.312549591064453,0.13099603354930878,1.3631772994995117
1.862,1.5462193489074707,1.6496866941452026,0.1104338988661766,6.327395915985107,0.1295580118894577,1.367962121963501
1.864,1.5495223999023438,1.6515649557113647,0.11068485677242279,6.341774940490723,0.12547709047794342,1.3879166841506958
1.866,1.5528301000595093,1.6538585424423218,0.11092190444469452,6.355356693267822,0.11852401494979858,1.409854769706726
1.868,1.5561432838439941,1.656554102897644,0.11113949120044708,6.367823600769043,0.10879256576299667,1.4315648078918457
1.87,1.559462547302246,1.659616231918335,0.11133254319429398,6.378884315490723,0.09652575850486755,1.451985239982605
1.872,1.5627888441085815,1.6631572246551514,0.11149442195892334,6.388159275054932,0.08094148337841034,1.4781465530395508
1.874,1.5661228895187378,1.6670490503311157,0.11162027716636658,6.3953704833984375,0.0629277303814888,1.4986134767532349
1.8760000000000001,1.5694656372070312,1.6713683605194092,0.11170417815446854,6.400177478790283,0.04194865748286247,1.5230700969696045
1.8780000000000001,1.5728176832199097,1.6760445833206177,0.11174116283655167,6.402296543121338,0.018492966890335083,1.544503927230835
1.8800000000000001,1.5761797428131104,1.68099045753479,0.11172749102115631,6.401513576507568,-0.006835781503468752,1.5620288848876953
1.8820000000000001,1.5795520544052124,1.6861556768417358,0.11166010797023773,6.397652626037598,-0.03369077295064926,1.5773128271102905
1.8840000000000001,1.5829349756240845,1.6914948225021362,0.11153659224510193,6.390575408935547,-0.06176029518246651,1.5905346870422363
1.8860000000000001,1.586329460144043,1.697218656539917,0.11135155707597733,6.379973888397217,-0.09251686930656433,1.6139681339263916
1.8880000000000001,1.589737057685852,1.7038054466247559,0.1110929623246193,6.365157604217529,-0.12929469347000122,1.6606919765472412
1.8900000000000001,1.5931596755981445,1.7112981081008911,0.11074816435575485,6.345402240753174,-0.17239895462989807,1.710260033607483
1.8920000000000001,1.5965989828109741,1.7196455001831055,0.11030521243810654,6.3200225830078125,-0.22147934138774872,1.7581485509872437
1.8940000000000001,1.6000574827194214,1.72927725315094,0.10974613577127457,6.287990093231201,-0.2795346975326538,1.8273961544036865
1.8960000000000001,1.603538155555725,1.7403416633605957,0.1090509220957756,6.248157024383545,-0.3476071357727051,1.9048875570297241
1.8980000000000001,1.6070448160171509,1.7533169984817505,0.10819285362958908,6.198993682861328,-0.4290355443954468,2.006566047668457
1.9000000000000001,1.6105811595916748,1.7681634426116943,0.1071457490324974,6.138998985290527,-0.5235534906387329,2.107949733734131
1.9020000000000001,1.6141507625579834,1.7847975492477417,0.10588455945253372,6.066738128662109,-0.6305928826332092,2.2068092823028564
1.9040000000000001,1.6177570819854736,1.8031855821609497,0.10438469052314758,5.980802059173584,-0.7499338388442993,2.3053572177886963
1.9060000000000001,1.6214035749435425,1.8232417106628418,0.10262270271778107,5.879847526550293,-0.8809955716133118,2.4009671211242676
1.9080000000000001,1.6250934600830078,1.8449459075927734,0.10057538747787476,5.762545108795166,-1.0236557722091675,2.496612548828125
1.9100000000000001,1.6288281679153442,1.8673213720321655,0.09823312610387802,5.628343105316162,-1.1711328029632568,2.5463204383850098
1.9120000000000001,1.6326076984405518,1.8897627592086792,0.09559465199708939,5.477169990539551,-1.3192349672317505,2.566920757293701
1.9140000000000001,1.6364314556121826,1.9119219779968262,0.09266353398561478,5.309228897094727,-1.465561866760254,2.570162773132324
1.9160000000000001,1.6402995586395264,1.9340201616287231,0.08944017440080643,5.124544143676758,-1.6116797924041748,2.583012342453003
1.9180000000000001,1.6442111730575562,1.9557996988296509,0.0859285295009613,4.923341751098633,-1.7558202743530273,2.5828189849853516
1.92,1.6481660604476929,1.9774699211120605,0.0821295976638794,4.705678939819336,-1.899466633796692,2.591698169708252
1.922,1.6521631479263306,1.9985334873199463,0.07805123180150986,4.472005844116211,-2.0391831398010254,2.576181411743164
1.924,1.6561977863311768,2.0173118114471436,0.07372461259365082,4.224108695983887,-2.163309097290039,2.4795913696289062
1.926,1.6602637767791748,2.0330264568328857,0.06919170916080475,3.96439266204834,-2.2664523124694824,2.3434324264526367
1.928,1.6643575429916382,2.046858787536621,0.06447798013687134,3.6943159103393555,-2.3568642139434814,2.260383129119873
1.93,1.6684768199920654,2.0596446990966797,0.059597212821245193,3.414668560028076,-2.440383195877075,2.2151432037353516
1.932,1.672620177268982,2.071688175201416,0.05455892160534859,3.1259958744049072,-2.5191454887390137,2.1832728385925293
1.934,1.6767854690551758,2.0826315879821777,0.049377571791410446,2.8291263580322266,-2.5906758308410645,2.1336708068847656
1.936,1.6809684038162231,2.091489315032959,0.04408131539821625,2.5256731510162354,-2.6481287479400635,2.0363028049468994
1.938,1.6851640939712524,2.0978403091430664,0.038704145699739456,2.2175841331481934,-2.6885836124420166,1.9170374870300293
1.94,1.6893678903579712,2.101896047592163,0.033277105540037155,1.9066375494003296,-2.7135214805603027,1.805466651916504
1.942,1.6935750246047974,2.10355544090271,0.027832617983222008,1.594691514968872,-2.722243309020996,1.687016487121582
1.944,1.697777271270752,2.1011362075805664,0.022426549345254898,1.2849465608596802,-2.7030344009399414,1.4868199825286865
1.946,1.7019672393798828,2.0949482917785645,0.01711045205593109,0.9803566336631775,-2.6580488681793213,1.2974517345428467
1.948,1.7061387300491333,2.085756301879883,0.011925255879759789,0.683266818523407,-2.592597723007202,1.1406641006469727
1.95,1.7102876901626587,2.074500322341919,0.006898840423673391,0.39527443051338196,-2.5132076740264893,1.0254700183868408
1.952,1.7144142389297485,2.063234329223633,0.0020305176731199026,0.11634008586406708,-2.434161424636841,1.005424976348877
1.954,1.7185157537460327,2.050772190093994,-0.0026638542767614126,-0.1526276022195816,-2.3471860885620117,0.9295817613601685
1.956,1.7225922346115112,2.038267135620117,-0.007184442598372698,-0.4116382300853729,-2.260293960571289,0.9071996808052063
1.958,1.7266438007354736,2.025766611099243,-0.011532039381563663,-0.660737156867981,-2.1737985610961914,0.8872299194335938
1.96,1.7306702136993408,2.0132060050964355,-0.015706507489085197,-0.8999165296554565,-2.0872340202331543,0.8644282221794128
1.962,1.7346704006195068,2.000114917755127,-0.01970113255083561,-1.1287916898727417,-1.9973126649856567,0.8195692300796509
1.964,1.7386447191238403,1.9871398210525513,-0.023518167436122894,-1.3474916219711304,-1.9085171222686768,0.8049063682556152
1.966,1.7425949573516846,1.9751211404800415,-0.027171539142727852,-1.556814432144165,-1.8266860246658325,0.8303386569023132
1.968,1.7465224266052246,1.9637104272842407,-0.030670301988720894,-1.7572788000106812,-1.7493816614151,0.8405463695526123
1.97,1.7504280805587769,1.9528319835662842,-0.034022435545921326,-1.949341893196106,-1.6760671138763428,0.848052442073822
